,timestamp,open,high,low,close,volume,likes,retweets,emotion,emoji
2018-01-01 01:00:00,1514768400,13635.06,13704.42,13312.94,13355.0,393.34452404,6.93984962406015,1.1804511278195489,1.3157894736842106,3.7218045112781954
2018-01-01 02:00:00,1514772000,13355.0,13536.88,13302.02,13429.08,194.32790231,1.3790322580645162,0.3387096774193548,1.467741935483871,3.5403225806451615
2018-01-01 03:00:00,1514775600,13407.98,13640.0,13321.9,13481.73,317.5373753,0.7578125,0.1328125,1.3828125,3.3671875
2018-01-01 04:00:00,1514779200,13481.73,13699.14,13372.41,13697.0,457.69139748,1.2374100719424461,1.539568345323741,1.3669064748201438,3.381294964028777
2018-01-01 05:00:00,1514782800,13681.04,13697.0,13483.05,13569.99,209.56018142,2.0714285714285716,0.7142857142857143,1.1857142857142857,4.078571428571428
2018-01-01 06:00:00,1514786400,13569.36,13940.0,13483.0,13875.82,386.59517525,4.221311475409836,1.7049180327868851,1.1721311475409837,4.057377049180328
2018-01-01 07:00:00,1514790000,13863.32,13941.75,13643.17,13660.56,135.79952593,3.2333333333333334,1.0083333333333333,1.1166666666666667,3.5416666666666665
2018-01-01 08:00:00,1514793600,13660.56,13778.38,13429.03,13499.9,138.61517504,1.0150375939849625,0.2857142857142857,1.1879699248120301,4.06015037593985
2018-01-01 09:00:00,1514797200,13499.9,13667.93,13459.66,13612.0,111.38916195,0.6940298507462687,0.44029850746268656,1.291044776119403,3.8134328358208953
2018-01-01 10:00:00,1514800800,13618.78,13618.81,13500.0,13548.46,135.66958322,1.2769230769230768,0.7076923076923077,1.3,4.023076923076923
2018-01-01 11:00:00,1514804400,13596.36,13596.36,13112.01,13303.35,527.36824266,3.3221476510067114,1.5033557046979866,1.1409395973154361,3.6912751677852347
2018-01-01 12:00:00,1514808000,13303.28,13409.2,13209.94,13250.35,423.81949241,1.273224043715847,0.4426229508196721,1.180327868852459,3.5245901639344264
2018-01-01 13:00:00,1514811600,13318.54,13318.54,13000.0,13118.56,660.1900261,1.0290697674418605,0.5,1.313953488372093,3.9767441860465116
2018-01-01 14:00:00,1514815200,13118.54,13229.56,12801.38,13229.56,713.11213982,0.8225806451612904,0.20967741935483872,1.3118279569892473,3.4838709677419355
2018-01-01 15:00:00,1514818800,13221.76,13362.35,13129.53,13276.78,405.51517514,1.1176470588235294,0.5339366515837104,1.1855203619909502,3.502262443438914
2018-01-01 16:00:00,1514822400,13276.0,13283.76,13032.84,13051.36,356.39094323,0.956140350877193,1.1359649122807018,1.4210526315789473,3.5833333333333335
2018-01-01 17:00:00,1514826000,13052.35,13249.65,13052.35,13085.99,145.76069742,0.9802371541501976,0.6205533596837944,1.391304347826087,3.7233201581027666
2018-01-01 18:00:00,1514829600,13063.5,13328.65,13040.46,13189.36,121.08038754,1.6136363636363635,0.8272727272727273,1.3454545454545455,3.381818181818182
2018-01-01 19:00:00,1514833200,13189.08,13300.0,13099.34,13271.26,226.09664935,2.279166666666667,1.5166666666666666,1.3291666666666666,3.6
2018-01-01 20:00:00,1514836800,13271.26,13558.8,13256.76,13444.0,456.87318484,1.2181818181818183,0.35454545454545455,1.45,3.577272727272727
2018-01-01 21:00:00,1514840400,13444.0,13734.44,13444.0,13534.98,381.66481055,0.8783068783068783,0.24867724867724866,1.0211640211640212,3.502645502645503
2018-01-01 22:00:00,1514844000,13532.87,13660.0,13466.79,13478.5,219.84594721,2.8440860215053765,3.2204301075268815,1.4086021505376345,3.3010752688172045
2018-01-01 23:00:00,1514847600,13496.39,13520.11,13372.33,13443.41,294.22796254,9.358585858585858,1.2323232323232323,1.5252525252525253,3.409090909090909
2018-01-02 00:00:00,1514851200,13394.2,13918.01,13394.2,13798.22,608.56377942,1.302857142857143,0.2342857142857143,1.302857142857143,3.8685714285714288
2018-01-02 01:00:00,1514854800,13794.58,13860.0,13631.95,13631.95,304.1253364,1.035928143712575,0.24550898203592814,1.1317365269461077,3.2335329341317367
2018-01-02 02:00:00,1514858400,13631.95,13676.61,13462.82,13550.29,619.53292213,2.292134831460674,0.6404494382022472,1.3932584269662922,3.269662921348315
2018-01-02 03:00:00,1514862000,13572.03,13572.03,13295.79,13359.98,456.01589405,4.25531914893617,1.2127659574468086,1.5212765957446808,3.7127659574468086
2018-01-02 04:00:00,1514865600,13355.78,13393.97,12910.58,13155.92,1040.47514683,0.5804597701149425,0.07471264367816093,1.4137931034482758,3.4770114942528734
2018-01-02 05:00:00,1514869200,13118.1,13196.57,12999.26,13154.19,707.76734788,0.6818181818181818,0.35714285714285715,1.2792207792207793,3.324675324675325
2018-01-02 06:00:00,1514872800,13154.18,13378.42,13066.27,13370.0,344.85555533,0.63125,0.28125,1.3125,3.36875
2018-01-02 07:00:00,1514876400,13370.0,13429.25,13226.33,13424.01,303.43768808,0.46405228758169936,0.16339869281045752,1.457516339869281,3.758169934640523
2018-01-02 08:00:00,1514880000,13424.01,13588.53,13378.51,13437.71,553.54777726,0.6610169491525424,0.24293785310734464,1.384180790960452,3.096045197740113
2018-01-02 09:00:00,1514883600,13417.21,13642.0,13417.21,13571.39,710.36049874,0.4588235294117647,0.2529411764705882,1.3,3.476470588235294
2018-01-02 10:00:00,1514887200,13571.39,13700.2,13534.18,13650.18,395.19574709,2.5472636815920398,1.1890547263681592,1.4825870646766168,4.079601990049751
2018-01-02 11:00:00,1514890800,13687.52,13687.63,13503.65,13578.8,227.00878694,0.7454545454545455,0.2772727272727273,1.3272727272727274,3.918181818181818
2018-01-02 12:00:00,1514894400,13578.8,13683.69,13519.59,13630.98,266.16942571,0.7017543859649122,0.40789473684210525,1.469298245614035,3.8684210526315788
2018-01-02 13:00:00,1514898000,13589.31,14073.74,13560.72,14010.53,1099.86308299,2.6654135338345863,0.849624060150376,1.2105263157894737,3.530075187969925
2018-01-02 14:00:00,1514901600,13978.83,14019.21,13811.0,13847.03,488.89603212,0.932475884244373,0.29260450160771706,1.392282958199357,3.594855305466238
2018-01-02 15:00:00,1514905200,13834.05,13907.38,13647.54,13714.88,372.43108092,7.332236842105263,3.411184210526316,1.3717105263157894,3.4177631578947367
2018-01-02 16:00:00,1514908800,13714.82,13931.41,13650.0,13689.09,331.44357688,2.8892508143322475,0.8045602605863192,1.4136807817589576,3.1302931596091206
2018-01-02 17:00:00,1514912400,13693.65,13920.0,13645.29,13905.0,504.41107646,0.9186440677966101,0.3593220338983051,1.4576271186440677,3.522033898305085
2018-01-02 18:00:00,1514916000,13909.75,14780.26,13872.87,14596.11,2100.86362148,1.5650969529085872,0.5650969529085873,1.3628808864265929,3.3102493074792245
2018-01-02 19:00:00,1514919600,14596.68,15257.53,14570.45,14815.0,1688.27734259,2.800469483568075,1.1901408450704225,1.3215962441314555,3.5187793427230045
2018-01-02 20:00:00,1514923200,14836.0,15200.0,14815.0,14839.76,838.96387361,2.797752808988764,0.6432584269662921,1.5140449438202248,3.3202247191011236
2018-01-02 21:00:00,1514926800,14839.76,15000.0,14700.0,14802.0,653.09599278,1.2179487179487178,0.3525641025641026,1.5705128205128205,3.532051282051282
2018-01-02 22:00:00,1514930400,14802.0,15026.19,14727.51,14787.0,412.6671473,2.1505791505791505,0.803088803088803,1.4401544401544402,3.1969111969111967
2018-01-02 23:00:00,1514934000,14783.55,14914.05,14582.64,14678.94,1271.7005698,1.243801652892562,0.2809917355371901,1.3925619834710743,3.28099173553719
2018-01-03 00:00:00,1514937600,14670.96,15015.24,14574.03,14848.91,714.12022128,3.579185520361991,0.6968325791855203,1.4751131221719458,3.1538461538461537
2018-01-03 01:00:00,1514941200,14800.21,14884.62,14700.68,14750.01,259.3765237,3.3073170731707315,1.2439024390243902,1.2878048780487805,3.3560975609756096
2018-01-03 02:00:00,1514944800,14756.19,15045.09,14700.0,14956.6,582.51617052,1.0246305418719213,0.31527093596059114,1.2857142857142858,3.5467980295566504
2018-01-03 03:00:00,1514948400,14960.74,15227.0,14839.76,14861.15,514.38204128,1.3933649289099526,0.6635071090047393,1.2511848341232228,3.170616113744076
2018-01-03 04:00:00,1514952000,14860.13,15150.0,14851.03,15072.85,190.22743502,3.0728155339805827,1.5533980582524272,1.3640776699029127,3.4805825242718447
2018-01-03 05:00:00,1514955600,15072.85,15145.0,14979.01,15025.18,265.78096754,1.0434782608695652,0.4945652173913043,1.516304347826087,3.3043478260869565
2018-01-03 06:00:00,1514959200,15025.42,15385.0,15004.36,15370.0,557.28064643,1.5611111111111111,0.6944444444444444,1.3833333333333333,3.4055555555555554
2018-01-03 07:00:00,1514962800,15370.0,15400.0,15209.95,15241.27,221.84007531,1.8663101604278074,1.0106951871657754,1.4010695187165776,3.411764705882353
2018-01-03 08:00:00,1514966400,15286.52,15500.0,15070.97,15075.19,718.5425017,2.032608695652174,1.4184782608695652,1.3423913043478262,3.6793478260869565
2018-01-03 09:00:00,1514970000,15075.04,15126.73,14767.47,14812.6,588.75892892,5.960199004975125,1.8656716417910448,1.3781094527363185,3.373134328358209
2018-01-03 10:00:00,1514973600,14839.96,14936.95,14546.28,14735.27,619.67995879,1.154228855721393,0.7014925373134329,1.427860696517413,3.5671641791044775
2018-01-03 11:00:00,1514977200,14730.0,14914.05,14723.5,14914.05,397.45341225,1.0039525691699605,0.9486166007905138,1.3241106719367588,3.4822134387351777
2018-01-03 12:00:00,1514980800,14907.72,14951.34,14582.74,14601.08,389.83633588,0.8745098039215686,0.5882352941176471,1.3490196078431373,3.4941176470588236
2018-01-03 13:00:00,1514984400,14600.01,14988.72,14600.0,14972.99,555.46569528,1.1476014760147601,0.4612546125461255,1.3062730627306274,3.5387453874538743
2018-01-03 14:00:00,1514988000,14972.99,15101.41,14843.1,14847.83,744.97832293,1.517605633802817,0.676056338028169,1.295774647887324,3.390845070422535
2018-01-03 15:00:00,1514991600,14888.0,15133.59,14859.39,15133.59,398.2237772,3.205797101449275,1.608695652173913,1.1333333333333333,3.402898550724638
2018-01-03 16:00:00,1514995200,15126.29,15241.45,15080.21,15111.0,448.73135546,1.749185667752443,0.6384364820846905,1.3550488599348534,3.482084690553746
2018-01-03 17:00:00,1514998800,15111.0,15194.61,14873.67,14921.06,648.66172295,2.791946308724832,6.057046979865772,1.348993288590604,3.5436241610738257
2018-01-03 18:00:00,1515002400,14921.05,14985.67,14780.0,14834.3,562.11786862,1.7816455696202531,0.9272151898734177,1.2120253164556962,3.518987341772152
2018-01-03 19:00:00,1515006000,14822.12,14941.68,14751.9,14761.42,480.27230785,1.4241379310344828,0.4482758620689655,1.2862068965517242,3.3482758620689657
2018-01-03 20:00:00,1515009600,14761.42,15035.0,14732.43,14999.88,542.31565486,1.1708185053380782,0.2704626334519573,1.3772241992882561,3.302491103202847
2018-01-03 21:00:00,1515013200,14948.0,15099.17,14921.0,15074.97,564.21771771,2.1350364963503647,0.8029197080291971,1.2445255474452555,3.2226277372262775
2018-01-03 22:00:00,1515016800,15027.1,15074.97,14802.43,14821.57,754.5096182,1.358974358974359,0.5299145299145299,1.2692307692307692,3.4358974358974357
2018-01-03 23:00:00,1515020400,14821.57,15170.52,14788.03,15155.62,555.711937,0.6899563318777293,0.18340611353711792,1.148471615720524,3.3013100436681224
2018-01-04 00:00:00,1515024000,15155.62,15180.27,15000.0,15103.97,426.14526469,,,,
2018-01-04 01:00:00,1515027600,15150.67,15396.68,14963.69,15350.06,786.05103039,,,,
2018-01-04 02:00:00,1515031200,15350.06,15430.27,15190.29,15250.0,644.84516422,,,,
2018-01-04 03:00:00,1515034800,15250.0,15295.76,15063.76,15065.88,273.7649869,,,,
2018-01-04 04:00:00,1515038400,15065.86,15076.27,14839.56,14904.59,496.56788659,,,,
2018-01-04 05:00:00,1515042000,14949.9,15000.0,14802.76,14901.06,325.17249371,,,,
2018-01-04 06:00:00,1515045600,14901.06,15105.99,14844.28,14850.0,499.78583261,,,,
2018-01-04 07:00:00,1515049200,14850.0,14941.75,14729.02,14818.52,625.3802559,,,,
2018-01-04 08:00:00,1515052800,14838.24,14900.0,14337.4,14338.36,1044.11772747,,,,
2018-01-04 09:00:00,1515056400,14337.41,14546.28,14192.37,14511.09,683.7174499,,,,
2018-01-04 10:00:00,1515060000,14476.46,14655.65,14400.04,14429.71,691.80711292,,,,
2018-01-04 11:00:00,1515063600,14418.95,14605.0,14335.42,14567.81,334.68486805,0.6475409836065574,0.2540983606557377,1.0737704918032787,3.2950819672131146
2018-01-04 12:00:00,1515067200,14566.56,14605.0,14258.6,14400.04,572.11033865,1.349624060150376,0.575187969924812,0.9473684210526315,3.387218045112782
2018-01-04 13:00:00,1515070800,14413.66,14653.78,14400.0,14575.48,566.76141877,1.530909090909091,0.6763636363636364,1.3563636363636364,3.1745454545454543
2018-01-04 14:00:00,1515074400,14600.21,14765.84,14509.7,14641.1,542.79191018,2.9614035087719297,1.0491228070175438,1.407017543859649,3.263157894736842
2018-01-04 15:00:00,1515078000,14641.01,14716.69,14500.0,14551.29,766.08318571,3.3385579937304075,1.1253918495297806,1.1755485893416928,3.0752351097178683
2018-01-04 16:00:00,1515081600,14551.36,14600.0,14401.74,14522.0,652.01527623,7.858461538461539,3.163076923076923,1.3323076923076924,3.4
2018-01-04 17:00:00,1515085200,14522.26,14720.0,14500.62,14716.0,471.035017,3.311953352769679,1.1982507288629738,1.2128279883381925,3.262390670553936
2018-01-04 18:00:00,1515088800,14717.47,14951.34,14710.0,14780.4,855.384054,2.5817610062893084,0.6509433962264151,1.20125786163522,3.2641509433962264
2018-01-04 19:00:00,1515092400,14781.45,15061.3,14773.67,14972.38,1018.08315598,3.1153846153846154,0.9556213017751479,1.168639053254438,3.3402366863905324
2018-01-04 20:00:00,1515096000,15005.0,15101.41,14836.04,14850.0,1037.1300957,5.166666666666667,1.4375,1.3819444444444444,3.2604166666666665
2018-01-04 21:00:00,1515099600,14855.86,15079.42,14800.0,14893.34,614.34796275,3.041958041958042,1.1258741258741258,1.1958041958041958,3.269230769230769
2018-01-04 22:00:00,1515103200,14893.34,15139.17,14816.68,15029.0,620.38237548,5.46360153256705,2.375478927203065,1.3065134099616857,3.371647509578544
2018-01-04 23:00:00,1515106800,15029.0,15200.52,14930.44,15143.67,455.85372876,2.064885496183206,0.40458015267175573,1.1488549618320612,3.118320610687023
2018-01-05 00:00:00,1515110400,15143.67,15199.98,14900.0,15057.6,317.9065312,1.8846153846153846,0.9951923076923077,1.1730769230769231,3.264423076923077
2018-01-05 01:00:00,1515114000,15045.88,15172.89,14958.04,15096.99,358.42879167,0.963265306122449,0.23265306122448978,1.1183673469387756,3.7510204081632654
2018-01-05 02:00:00,1515117600,15096.99,15242.91,15063.11,15105.07,589.12416407,7.888372093023256,2.6697674418604653,1.1023255813953488,3.4790697674418603
2018-01-05 03:00:00,1515121200,15100.03,15136.5,14914.16,14951.06,331.5257573,2.922279792746114,0.9430051813471503,1.238341968911917,3.471502590673575
2018-01-05 04:00:00,1515124800,14951.06,15053.09,14810.0,14950.0,426.50304496,1.8342857142857143,0.37714285714285717,1.24,3.217142857142857
2018-01-05 05:00:00,1515128400,14958.04,15090.23,14857.2,15020.0,259.24348536,1.935672514619883,0.6783625730994152,1.239766081871345,3.1695906432748537
2018-01-05 06:00:00,1515132000,15059.06,15066.68,14914.77,14985.09,257.99314168,2.445859872611465,0.8598726114649682,1.1019108280254777,3.1847133757961785
2018-01-05 07:00:00,1515135600,14976.4,14976.4,14826.57,14919.44,283.8180669,0.9246575342465754,0.5,1.2671232876712328,3.5136986301369864
2018-01-05 08:00:00,1515139200,14939.0,15500.0,14921.76,15490.9,1036.28469062,1.7555555555555555,0.48518518518518516,1.3925925925925926,3.588888888888889
2018-01-05 09:00:00,1515142800,15490.04,15994.05,15490.04,15846.7,1814.00819908,0.7543103448275862,0.25,1.2241379310344827,3.3275862068965516
2018-01-05 10:00:00,1515146400,15818.3,16189.0,15751.73,16028.0,965.23922819,1.3796296296296295,0.3148148148148148,1.2175925925925926,3.3796296296296298
2018-01-05 11:00:00,1515150000,16028.0,16113.73,15756.22,16034.93,959.40037794,1.9535864978902953,1.1054852320675106,1.3375527426160339,3.4345991561181433
2018-01-05 12:00:00,1515153600,16034.93,16035.0,15735.99,15879.87,368.75468748,1.486842105263158,0.5657894736842105,1.2850877192982457,3.473684210526316
2018-01-05 13:00:00,1515157200,15854.0,16026.0,15791.95,15995.0,427.89206727,1.471311475409836,0.3729508196721312,1.2991803278688525,3.360655737704918
2018-01-05 14:00:00,1515160800,15994.93,16100.0,15850.0,15983.02,408.49082621,2.8102766798418974,1.5454545454545454,1.3241106719367588,3.4466403162055337
2018-01-05 15:00:00,1515164400,15985.0,16038.8,15896.47,15969.11,540.22919598,3.020979020979021,1.4405594405594406,1.083916083916084,3.513986013986014
2018-01-05 16:00:00,1515168000,15981.21,16299.0,15981.21,16249.97,1155.53204998,2.3015873015873014,0.6285714285714286,1.1428571428571428,3.2698412698412698
2018-01-05 17:00:00,1515171600,16250.0,16488.2,16164.25,16361.99,1126.94652054,1.4727272727272727,0.4727272727272727,1.1939393939393939,3.090909090909091
2018-01-05 18:00:00,1515175200,16363.71,16532.99,16299.17,16367.42,616.61245227,1.2924528301886793,0.4811320754716981,1.2610062893081762,3.0849056603773586
2018-01-05 19:00:00,1515178800,16367.42,16486.58,16194.98,16442.0,503.38718134,1.5326086956521738,0.5398550724637681,1.1376811594202898,3.199275362318841
2018-01-05 20:00:00,1515182400,16442.27,16563.03,16301.0,16555.04,522.33161718,8.647286821705427,6.403100775193798,1.0775193798449612,3.3488372093023258
2018-01-05 21:00:00,1515186000,16563.03,16908.0,16497.04,16702.0,1194.56248248,1.2038461538461538,0.3,1.3153846153846154,3.3230769230769233
2018-01-05 22:00:00,1515189600,16702.0,17200.0,16681.72,16920.0,1014.2674347,1.9745762711864407,1.0720338983050848,1.3347457627118644,3.360169491525424
2018-01-05 23:00:00,1515193200,16919.96,17100.0,16798.27,16928.0,770.43268516,2.21285140562249,1.6465863453815262,1.321285140562249,3.3012048192771086
2018-01-06 00:00:00,1515196800,16927.99,16950.19,16600.0,16939.44,649.4100995,2.772277227722772,0.698019801980198,1.2326732673267327,3.3514851485148514
2018-01-06 01:00:00,1515200400,16921.02,17044.41,16843.31,17044.41,698.89383771,3.7880434782608696,1.565217391304348,1.2391304347826086,3.25
2018-01-06 02:00:00,1515204000,17047.0,17087.0,16565.0,16565.0,512.90595055,1.4974358974358974,1.1384615384615384,1.3948717948717948,3.117948717948718
2018-01-06 03:00:00,1515207600,16565.0,16750.0,16502.68,16547.81,353.45276724,2.2797619047619047,1.0297619047619047,1.3333333333333333,3.0714285714285716
2018-01-06 04:00:00,1515211200,16566.68,16686.75,16398.43,16590.26,296.56564114,1.3209876543209877,0.2839506172839506,1.2098765432098766,3.4135802469135803
2018-01-06 05:00:00,1515214800,16590.26,16699.9,16450.0,16612.71,418.30066046,1.0571428571428572,0.40714285714285714,1.2428571428571429,3.307142857142857
2018-01-06 06:00:00,1515218400,16632.99,16668.62,16503.86,16529.6,541.63840032,0.7361111111111112,0.14583333333333334,1.3680555555555556,3.125
2018-01-06 07:00:00,1515222000,16529.0,16544.62,16316.74,16514.42,527.33605915,0.5035460992907801,0.0851063829787234,1.3687943262411348,3.269503546099291
2018-01-06 08:00:00,1515225600,16500.0,16602.15,16388.21,16419.9,304.12031794,0.8008298755186722,0.31950207468879666,1.2323651452282158,3.767634854771784
2018-01-06 09:00:00,1515229200,16390.02,16531.31,16320.0,16353.99,381.59226633,0.6319444444444444,0.2708333333333333,1.1041666666666667,3.3402777777777777
2018-01-06 10:00:00,1515232800,16353.99,16692.0,16347.75,16688.0,337.11675253,6.5,20.80921052631579,1.105263157894737,3.5921052631578947
2018-01-06 11:00:00,1515236400,16688.05,16720.0,16473.0,16546.27,374.44114494,1.8571428571428572,0.7797619047619048,1.1964285714285714,3.357142857142857
2018-01-06 12:00:00,1515240000,16495.6,16566.3,16235.46,16281.12,307.49255827,0.9693251533742331,0.50920245398773,1.1533742331288344,3.2208588957055215
2018-01-06 13:00:00,1515243600,16307.33,16404.75,16220.0,16281.62,653.67729629,0.9204545454545454,0.32386363636363635,1.1875,3.465909090909091
2018-01-06 14:00:00,1515247200,16281.29,16544.98,16247.99,16477.88,318.07752484,1.150259067357513,0.33678756476683935,1.2072538860103628,3.321243523316062
2018-01-06 15:00:00,1515250800,16450.98,16645.95,16447.99,16592.53,295.43139047,2.740566037735849,1.5235849056603774,1.3679245283018868,3.3349056603773586
2018-01-06 16:00:00,1515254400,16592.53,16939.44,16520.0,16853.99,417.99723181,1.4018691588785046,3.7663551401869158,1.2897196261682242,3.5514018691588785
2018-01-06 17:00:00,1515258000,16853.99,16904.97,16720.0,16838.53,223.68484599,2.4691943127962084,0.7393364928909952,1.2464454976303319,3.4549763033175354
2018-01-06 18:00:00,1515261600,16858.17,16984.0,16680.0,16772.83,276.73079323,2.073394495412844,0.8394495412844036,1.3211009174311927,3.4128440366972477
2018-01-06 19:00:00,1515265200,16759.01,16799.99,16650.0,16661.2,166.79076301,2.9901477832512313,1.9852216748768472,1.1330049261083743,3.4679802955665027
2018-01-06 20:00:00,1515268800,16710.5,16911.9,16645.95,16840.12,301.57074904,1.608695652173913,0.47342995169082125,1.1256038647342994,3.1594202898550723
2018-01-06 21:00:00,1515272400,16849.17,16864.52,16751.16,16843.0,292.63706736,9.681818181818182,1.5656565656565657,1.292929292929293,3.1666666666666665
2018-01-06 22:00:00,1515276000,16864.52,17234.99,16843.0,17060.77,678.91501614,7.241758241758242,3.269230769230769,1.2857142857142858,3.1923076923076925
2018-01-06 23:00:00,1515279600,17071.71,17198.97,17026.64,17149.67,172.2376212,1.4444444444444444,0.42857142857142855,1.0634920634920635,3.322751322751323
2018-01-07 00:00:00,1515283200,17142.43,17149.97,16950.0,17019.44,265.34983467,1.3681318681318682,0.2967032967032967,1.2362637362637363,3.489010989010989
2018-01-07 01:00:00,1515286800,17019.44,17049.32,16880.01,17027.75,248.21430605,2.7222222222222223,0.75,1.3277777777777777,2.988888888888889
2018-01-07 02:00:00,1515290400,17019.01,17032.54,16790.0,16799.99,212.04519997,2.9044585987261144,1.5414012738853504,1.2547770700636942,3.700636942675159
2018-01-07 03:00:00,1515294000,16799.98,16843.05,16667.0,16731.61,252.50778153,2.308219178082192,0.8835616438356164,1.1643835616438356,3.2465753424657535
2018-01-07 04:00:00,1515297600,16716.3,16797.79,16579.03,16634.51,240.7758822,1.837837837837838,0.5202702702702703,1.0675675675675675,3.2364864864864864
2018-01-07 05:00:00,1515301200,16634.51,16882.81,16580.83,16649.4,324.2989613,1.68944099378882,0.4968944099378882,1.3043478260869565,3.1366459627329193
2018-01-07 06:00:00,1515304800,16644.0,16672.0,16400.0,16425.01,279.37539485,1.589928057553957,1.1726618705035972,1.2302158273381294,3.273381294964029
2018-01-07 07:00:00,1515308400,16425.01,16761.26,16425.0,16738.99,239.08746243,0.6560509554140127,0.2229299363057325,1.1401273885350318,3.159235668789809
2018-01-07 08:00:00,1515312000,16738.99,16855.06,16730.0,16749.3,236.91321201,0.48325358851674644,0.18181818181818182,1.2344497607655502,3.645933014354067
2018-01-07 09:00:00,1515315600,16749.3,16805.82,16629.76,16640.0,220.16140277,1.49645390070922,0.7801418439716312,1.2056737588652482,3.4893617021276597
2018-01-07 10:00:00,1515319200,16640.0,16818.05,16626.83,16787.44,130.67863611,1.2465753424657535,0.678082191780822,1.3835616438356164,3.691780821917808
2018-01-07 11:00:00,1515322800,16785.1,16802.6,16644.86,16660.13,226.11619518,1.7160493827160495,1.2160493827160495,1.0123456790123457,3.1296296296296298
2018-01-07 12:00:00,1515326400,16660.0,16697.1,16416.56,16416.56,496.0336799,0.7314285714285714,0.3028571428571429,1.2285714285714286,3.662857142857143
2018-01-07 13:00:00,1515330000,16416.56,16516.8,16311.0,16409.05,590.35112525,1.1593406593406594,0.7252747252747253,1.401098901098901,3.3076923076923075
2018-01-07 14:00:00,1515333600,16400.06,16600.0,16365.57,16511.76,275.31143589,1.9861751152073732,0.4470046082949309,1.119815668202765,3.47926267281106
2018-01-07 15:00:00,1515337200,16511.77,16559.68,16383.41,16443.0,292.76806653,2.1120689655172415,0.853448275862069,1.1508620689655173,3.6206896551724137
2018-01-07 16:00:00,1515340800,16427.63,16470.9,16074.12,16100.0,1037.3385625,5.482300884955753,3.1327433628318584,1.3053097345132743,3.3053097345132745
2018-01-07 17:00:00,1515344400,16076.43,16200.0,15707.16,15850.01,826.50069921,6.625514403292181,2.403292181069959,1.213991769547325,3.477366255144033
2018-01-07 18:00:00,1515348000,15850.01,16114.29,15717.27,16093.08,708.50701173,2.8140495867768593,0.8553719008264463,1.2768595041322315,3.2107438016528924
2018-01-07 19:00:00,1515351600,16097.51,16194.98,16050.07,16111.0,293.80020421,1.9508928571428572,1.0,1.2366071428571428,3.1205357142857144
2018-01-07 20:00:00,1515355200,16111.0,16190.0,15987.22,16190.0,244.74307341,3.835680751173709,0.6291079812206573,1.2582159624413145,3.4413145539906105
2018-01-07 21:00:00,1515358800,16190.01,16335.58,16139.94,16174.83,260.95266167,0.9174311926605505,0.23394495412844038,1.298165137614679,3.3394495412844036
2018-01-07 22:00:00,1515362400,16174.98,16521.66,16148.06,16449.87,355.1102621,3.22,0.705,1.125,3.155
2018-01-07 23:00:00,1515366000,16439.43,16449.99,16114.3,16124.02,375.8727919,2.3471502590673574,0.5077720207253886,1.233160621761658,3.523316062176166
2018-01-08 00:00:00,1515369600,16173.98,16300.0,15954.16,15956.66,494.1375067,1.4648648648648648,0.5297297297297298,1.318918918918919,3.145945945945946
2018-01-08 01:00:00,1515373200,15961.98,16034.22,15716.93,15895.0,467.6621569,1.5748502994011977,0.3712574850299401,1.3652694610778444,3.18562874251497
2018-01-08 02:00:00,1515376800,15895.0,16080.0,15778.76,15969.99,434.85605992,1.2916666666666667,0.4880952380952381,1.0952380952380953,3.511904761904762
2018-01-08 03:00:00,1515380400,15969.99,15970.0,15544.99,15654.83,711.95967114,1.5084745762711864,0.3163841807909605,1.3672316384180792,2.9604519774011298
2018-01-08 04:00:00,1515384000,15605.3,15826.68,15553.42,15699.77,279.3622996,1.503030303030303,0.49696969696969695,1.2121212121212122,3.4
2018-01-08 05:00:00,1515387600,15690.69,15994.05,15534.11,15895.21,422.17595909,1.2515337423312884,0.37423312883435583,1.3312883435582823,3.061349693251534
2018-01-08 06:00:00,1515391200,15910.16,15974.9,15751.64,15809.99,243.27734316,1.6900584795321638,0.5964912280701754,1.2222222222222223,3.4210526315789473
2018-01-08 07:00:00,1515394800,15809.99,15934.0,15764.49,15843.81,520.78320974,0.8531073446327684,0.3333333333333333,1.2994350282485876,3.531073446327684
2018-01-08 08:00:00,1515398400,15844.6,15883.9,15329.36,15479.58,716.43046299,0.6544715447154471,0.34959349593495936,1.4471544715447155,3.540650406504065
2018-01-08 09:00:00,1515402000,15440.0,15989.0,15165.0,15165.0,1117.09990593,1.0957446808510638,0.4627659574468085,1.2340425531914894,3.2819148936170213
2018-01-08 10:00:00,1515405600,15164.0,15359.87,15156.0,15359.6,717.89672284,1.570048309178744,1.0048309178743962,1.1545893719806763,3.0531400966183573
2018-01-08 11:00:00,1515409200,15359.26,15470.41,15311.26,15448.98,372.34669835,1.699588477366255,1.168724279835391,1.2386831275720165,3.5925925925925926
2018-01-08 12:00:00,1515412800,15459.99,15483.23,15250.0,15352.73,385.91030828,1.5528455284552845,0.6422764227642277,1.3780487804878048,3.7113821138211383
2018-01-08 13:00:00,1515416400,15352.72,15400.0,14620.0,14889.46,1779.18302916,1.0,0.45394736842105265,1.5328947368421053,3.5657894736842106
2018-01-08 14:00:00,1515420000,14879.9,14899.27,14300.02,14372.78,1496.8419987,1.8796296296296295,0.8487654320987654,1.4537037037037037,3.549382716049383
2018-01-08 15:00:00,1515423600,14372.77,14750.0,13900.0,14500.0,2267.53444337,2.6939313984168867,0.9577836411609498,1.424802110817942,3.142480211081794
2018-01-08 16:00:00,1515427200,14500.0,14951.34,14496.12,14841.11,669.91391373,5.283076923076923,2.76,1.2276923076923076,3.2553846153846155
2018-01-08 17:00:00,1515430800,14841.11,14946.75,14546.28,14830.11,667.0035358,1.6120401337792643,0.568561872909699,1.3110367892976589,3.297658862876254
2018-01-08 18:00:00,1515434400,14864.99,15101.41,14722.25,14908.69,583.018786,1.706840390879479,0.43322475570032576,1.3387622149837133,3.465798045602606
2018-01-08 19:00:00,1515438000,14949.9,15164.72,14921.81,15101.0,453.54350698,3.402826855123675,1.2968197879858658,1.4275618374558303,3.1307420494699647
2018-01-08 20:00:00,1515441600,15101.32,15151.33,14619.3,14951.34,628.06747648,4.523255813953488,8.352713178294573,1.178294573643411,3.298449612403101
2018-01-08 21:00:00,1515445200,14949.98,15050.0,14868.5,14960.41,233.34729306,2.1368821292775664,0.8060836501901141,1.1140684410646389,3.1444866920152093
2018-01-08 22:00:00,1515448800,14960.41,14982.66,14655.97,14732.88,455.38986849,1.497854077253219,0.703862660944206,1.3304721030042919,3.11587982832618
2018-01-08 23:00:00,1515452400,14732.42,15000.0,14510.0,14999.99,558.60778598,3.5945945945945947,2.1621621621621623,1.1981981981981982,3.130630630630631
2018-01-09 00:00:00,1515456000,14999.99,15179.68,14829.84,15179.68,366.93338884,2.1479820627802693,0.820627802690583,1.1390134529147982,3.2780269058295963
2018-01-09 01:00:00,1515459600,15179.68,15318.99,14969.73,15272.36,294.05740418,1.1105769230769231,0.3317307692307692,1.1538461538461537,3.0528846153846154
2018-01-09 02:00:00,1515463200,15290.11,15290.11,15160.0,15274.69,203.61869563,1.4832535885167464,0.23923444976076555,1.1291866028708133,3.3014354066985647
2018-01-09 03:00:00,1515466800,15274.69,15329.36,15169.57,15200.27,178.15527914,3.201005025125628,1.2010050251256281,1.120603015075377,3.2060301507537687
2018-01-09 04:00:00,1515470400,15210.02,15360.95,15178.5,15353.8,122.31725308,0.8802083333333334,0.23958333333333334,1.203125,3.2291666666666665
2018-01-09 05:00:00,1515474000,15353.79,15367.18,14910.3,15040.54,433.89364978,0.791907514450867,0.14450867052023122,1.0751445086705202,3.1734104046242773
2018-01-09 06:00:00,1515477600,15034.39,15150.0,14816.87,15020.58,371.36782711,1.4219653179190752,0.47398843930635837,1.2427745664739884,3.2658959537572256
2018-01-09 07:00:00,1515481200,14948.76,15253.0,14930.89,15169.25,274.35964932,1.3411764705882352,0.6882352941176471,1.223529411764706,3.6176470588235294
2018-01-09 08:00:00,1515484800,15169.99,15291.1,15130.81,15158.06,398.15463498,0.7758007117437722,0.28825622775800713,1.3238434163701067,3.7259786476868326
2018-01-09 09:00:00,1515488400,15158.07,15187.8,14849.99,14850.0,511.04459387,2.025252525252525,1.2272727272727273,1.2878787878787878,3.393939393939394
2018-01-09 10:00:00,1515492000,14850.0,14917.25,14427.35,14608.98,1140.29709807,0.7313432835820896,0.24875621890547264,1.2835820895522387,3.2039800995024876
2018-01-09 11:00:00,1515495600,14608.98,14847.52,14470.02,14810.99,492.64997999,1.3955555555555557,0.9555555555555556,1.2533333333333334,3.528888888888889
2018-01-09 12:00:00,1515499200,14805.0,14914.05,14560.39,14801.0,577.30323803,4.418326693227091,2.768924302788845,1.043824701195219,3.366533864541833
2018-01-09 13:00:00,1515502800,14801.0,14810.0,14123.97,14152.02,1372.67113654,2.4,1.080701754385965,1.2280701754385965,3.1824561403508773
2018-01-09 14:00:00,1515506400,14152.02,14672.55,14150.0,14513.08,1459.52546215,6.286644951140065,3.0586319218241043,1.293159609120521,3.267100977198697
2018-01-09 15:00:00,1515510000,14517.66,14760.91,14512.33,14700.0,1120.82596117,4.12111801242236,3.7142857142857144,1.186335403726708,3.4161490683229814
2018-01-09 16:00:00,1515513600,14690.0,14939.17,14571.44,14936.16,821.57606055,2.2545454545454544,0.47878787878787876,1.1151515151515152,3.1151515151515152
2018-01-09 17:00:00,1515517200,14936.16,14951.34,14794.95,14937.68,451.61143175,1.8838709677419354,0.5096774193548387,1.2580645161290323,3.270967741935484
2018-01-09 18:00:00,1515520800,14937.68,14988.72,14732.58,14747.78,356.90079802,1.2401433691756272,0.6810035842293907,1.2401433691756272,3.161290322580645
2018-01-09 19:00:00,1515524400,14747.78,14851.3,14692.29,14750.0,505.00015636,1.1666666666666667,0.6808510638297872,1.202127659574468,3.198581560283688
2018-01-09 20:00:00,1515528000,14749.99,14822.0,14619.1,14788.99,344.236509,2.7423728813559323,1.071186440677966,1.2067796610169492,3.2576271186440677
2018-01-09 21:00:00,1515531600,14803.61,14819.98,14510.06,14515.0,565.07076651,3.0239726027397262,1.1952054794520548,1.13013698630137,3.356164383561644
2018-01-09 22:00:00,1515535200,14515.0,14619.99,14359.99,14390.56,457.72355279,2.0,0.7482014388489209,1.1906474820143884,3.356115107913669
2018-01-09 23:00:00,1515538800,14418.7,14463.0,14187.75,14403.51,1094.23016682,3.9291338582677167,1.3188976377952757,1.330708661417323,3.1102362204724407
2018-01-10 00:00:00,1515542400,14403.51,14479.9,13800.0,14084.46,1198.06449642,1.2692307692307692,0.28846153846153844,1.2769230769230768,3.2115384615384617
2018-01-10 01:00:00,1515546000,14076.54,14294.25,14031.0,14148.0,493.33303247,1.1121495327102804,0.2523364485981308,1.1214953271028036,3.102803738317757
2018-01-10 02:00:00,1515549600,14148.01,14294.25,14133.0,14294.19,344.86940162,0.6650485436893204,0.11165048543689321,1.145631067961165,3.1990291262135924
2018-01-10 03:00:00,1515553200,14262.72,14329.98,14044.4,14092.56,636.11027793,3.3627450980392157,1.5392156862745099,1.303921568627451,3.3137254901960786
2018-01-10 04:00:00,1515556800,14106.87,14400.73,14031.0,14314.2,521.14773942,0.8899521531100478,0.2679425837320574,1.2870813397129186,3.148325358851675
2018-01-10 05:00:00,1515560400,14314.2,14349.82,13970.0,14163.34,709.81308614,1.0,0.13989637305699482,1.1761658031088082,3.4404145077720205
2018-01-10 06:00:00,1515564000,14172.68,14294.25,14070.61,14259.26,404.69842406,1.0159574468085106,0.5691489361702128,1.2393617021276595,3.2393617021276597
2018-01-10 07:00:00,1515567600,14221.88,14292.27,13986.79,14059.96,623.97602471,0.7,0.2833333333333333,1.3166666666666667,3.6055555555555556
2018-01-10 08:00:00,1515571200,14066.28,14090.0,13412.0,13469.78,1621.96789616,1.0129449838187703,0.9838187702265372,1.2977346278317152,3.372168284789644
2018-01-10 09:00:00,1515574800,13474.09,13895.0,13415.9,13848.94,1058.86853079,4.055,1.295,1.245,3.385
2018-01-10 10:00:00,1515578400,13834.2,13957.05,13741.65,13845.44,1051.88399167,0.645320197044335,0.15270935960591134,1.4137931034482758,3.3891625615763545
2018-01-10 11:00:00,1515582000,13845.45,14215.63,13796.98,14139.31,1273.13353985,0.8287037037037037,0.24074074074074073,1.3333333333333333,3.3564814814814814
2018-01-10 12:00:00,1515585600,14139.31,14200.0,13892.07,13892.07,791.04941539,2.51417004048583,0.97165991902834,1.2105263157894737,3.080971659919028
2018-01-10 13:00:00,1515589200,13892.08,14159.12,13890.0,13898.16,799.53231736,1.72,0.63,1.1666666666666667,3.5533333333333332
2018-01-10 14:00:00,1515592800,13890.75,13930.2,13631.95,13837.22,796.59548036,2.1910828025477707,1.5796178343949046,1.3343949044585988,3.194267515923567
2018-01-10 15:00:00,1515596400,13810.31,14500.0,13792.0,14406.94,1394.79567034,2.977653631284916,1.4357541899441342,1.2932960893854748,3.3324022346368714
2018-01-10 16:00:00,1515600000,14406.94,14686.27,14406.94,14491.61,1123.76617198,2.452991452991453,1.2792022792022792,1.2136752136752136,3.1766381766381766
2018-01-10 17:00:00,1515603600,14491.62,14580.0,14341.0,14550.0,599.95638992,1.4171974522292994,0.5477707006369427,1.1847133757961783,3.162420382165605
2018-01-10 18:00:00,1515607200,14550.0,14700.0,14407.04,14525.4,645.11327936,2.054662379421222,1.2636655948553055,1.3183279742765273,3.1639871382636655
2018-01-10 19:00:00,1515610800,14530.56,14569.98,14294.25,14365.34,399.80986197,0.9758620689655172,0.2896551724137931,1.2586206896551724,3.3137931034482757
2018-01-10 20:00:00,1515614400,14357.74,14537.11,14263.01,14477.25,282.53822479,1.8070175438596492,0.5017543859649123,1.280701754385965,3.112280701754386
2018-01-10 21:00:00,1515618000,14477.46,14629.9,14380.72,14511.0,570.7063784,4.388278388278389,2.3956043956043955,1.2380952380952381,3.3882783882783882
2018-01-10 22:00:00,1515621600,14491.36,14553.57,14294.25,14524.19,390.64288944,7.2218045112781954,4.488721804511278,1.1353383458646618,3.2969924812030076
2018-01-10 23:00:00,1515625200,14525.0,14900.0,14400.86,14890.02,746.64000991,1.8385826771653544,0.3464566929133858,1.1496062992125984,2.9015748031496065
2018-01-11 00:00:00,1515628800,14899.99,14973.07,14619.1,14662.61,647.97681691,5.785714285714286,2.3533834586466167,1.2518796992481203,3.2330827067669174
2018-01-11 01:00:00,1515632400,14662.61,14730.0,14444.99,14466.66,426.99312087,1.007905138339921,0.26877470355731226,1.233201581027668,3.1185770750988144
2018-01-11 02:00:00,1515636000,14508.25,14576.58,14166.0,14248.6,417.76082243,2.567099567099567,2.5238095238095237,1.2164502164502164,3.329004329004329
2018-01-11 03:00:00,1515639600,14248.59,14276.08,13120.0,13269.71,1718.72378683,2.932489451476793,0.7848101265822784,1.2320675105485233,3.392405063291139
2018-01-11 04:00:00,1515643200,13269.73,13608.43,12800.0,13307.41,2098.83087643,5.147239263803681,1.5030674846625767,1.1901840490797546,3.061349693251534
2018-01-11 05:00:00,1515646800,13307.41,13700.2,13070.01,13145.0,1091.61927027,1.4566037735849056,0.41132075471698115,1.3245283018867924,3.2943396226415094
2018-01-11 06:00:00,1515650400,13154.99,13564.05,13130.1,13392.49,544.78255384,1.0859375,0.69140625,0.96484375,3.25
2018-01-11 07:00:00,1515654000,13392.49,13699.0,13196.57,13626.22,768.05477118,1.2300884955752212,0.6814159292035398,1.0530973451327434,3.4070796460176993
2018-01-11 08:00:00,1515657600,13582.14,13837.71,13575.94,13807.1,665.90874005,0.5,0.16279069767441862,1.302325581395349,3.438953488372093
2018-01-11 09:00:00,1515661200,13745.72,13808.67,13429.25,13554.04,520.83554109,0.6082949308755761,0.2903225806451613,1.3133640552995391,3.3963133640552994
2018-01-11 10:00:00,1515664800,13589.75,13646.27,13250.0,13271.32,726.82376618,1.126984126984127,0.9404761904761905,1.257936507936508,3.257936507936508
2018-01-11 11:00:00,1515668400,13256.94,13462.82,13130.83,13462.81,1028.06532112,1.2390438247011952,0.8446215139442231,1.1673306772908367,3.545816733067729
2018-01-11 12:00:00,1515672000,13450.01,13864.86,13430.0,13812.47,1087.38182042,1.0687285223367697,0.4570446735395189,1.3298969072164948,3.4879725085910653
2018-01-11 13:00:00,1515675600,13818.4,13905.0,13597.96,13685.0,741.01956152,1.2924528301886793,0.27044025157232704,1.2264150943396226,3.4182389937106916
2018-01-11 14:00:00,1515679200,13685.0,13905.0,13564.05,13904.99,1043.74845479,1.2173913043478262,0.3739130434782609,1.1188405797101448,3.226086956521739
2018-01-11 15:00:00,1515682800,13900.0,14200.0,13872.31,13969.0,1071.56398012,2.410179640718563,1.152694610778443,1.2395209580838322,3.2335329341317367
2018-01-11 16:00:00,1515686400,13969.0,14161.75,13844.0,13867.44,493.91909963,3.5855072463768116,1.4550724637681158,1.2434782608695651,3.4405797101449274
2018-01-11 17:00:00,1515690000,13867.44,13916.3,13600.0,13600.01,598.56586135,1.8403614457831325,0.4126506024096386,1.2590361445783131,3.2710843373493974
2018-01-11 18:00:00,1515693600,13600.99,13878.45,13600.01,13702.83,362.82427486,2.984894259818731,1.2628398791540785,1.244712990936556,3.43202416918429
2018-01-11 19:00:00,1515697200,13729.94,13851.78,13192.32,13399.0,879.33762806,1.4526315789473685,0.4280701754385965,1.0982456140350878,3.3228070175438598
2018-01-11 20:00:00,1515700800,13399.99,13549.99,13150.0,13429.59,548.03013031,1.1087719298245613,0.41754385964912283,1.3263157894736841,3.5473684210526315
2018-01-11 21:00:00,1515704400,13429.6,13496.48,13196.57,13464.1,426.32040522,2.2652329749103943,1.1863799283154122,1.2974910394265233,3.1469534050179213
2018-01-11 22:00:00,1515708000,13464.1,13530.22,12894.61,13119.98,902.03045812,3.1294117647058823,1.4,1.3411764705882352,3.3411764705882354
2018-01-11 23:00:00,1515711600,13100.0,13367.0,12886.0,13243.83,818.95810952,1.6693227091633467,0.5338645418326693,1.3585657370517927,3.055776892430279
2018-01-12 00:00:00,1515715200,13249.99,13249.99,12807.27,13057.48,893.75966403,0.703862660944206,0.1759656652360515,1.2875536480686696,3.3733905579399144
2018-01-12 01:00:00,1515718800,13057.48,13395.76,12993.46,13395.76,618.08430554,0.9504950495049505,0.19801980198019803,1.2128712871287128,3.0693069306930694
2018-01-12 02:00:00,1515722400,13395.76,13600.0,13300.01,13441.57,541.79820431,2.1846153846153844,0.6256410256410256,1.3025641025641026,3.3384615384615386
2018-01-12 03:00:00,1515726000,13441.55,13698.0,13295.79,13600.05,650.09095993,0.7219512195121951,0.2097560975609756,1.3609756097560977,3.1902439024390246
2018-01-12 04:00:00,1515729600,13620.0,13690.02,13427.7,13680.0,394.24117441,5.502369668246446,2.843601895734597,1.3080568720379147,3.4312796208530805
2018-01-12 05:00:00,1515733200,13668.12,13700.2,13395.76,13575.0,778.02143836,9.797872340425531,2.973404255319149,1.0904255319148937,3.1968085106382977
2018-01-12 06:00:00,1515736800,13575.0,13768.78,13568.96,13723.48,330.75223368,0.9,0.2578947368421053,1.3157894736842106,3.0842105263157893
2018-01-12 07:00:00,1515740400,13723.48,13791.09,13585.0,13648.27,326.53750308,1.7563451776649746,0.8121827411167513,1.284263959390863,3.33502538071066
2018-01-12 08:00:00,1515744000,13648.08,13677.55,13496.48,13554.15,314.6821209,1.7473684210526317,0.9017543859649123,1.305263157894737,3.3719298245614033
2018-01-12 09:00:00,1515747600,13565.99,13601.28,13329.03,13530.35,525.90406375,2.4224598930481283,1.0641711229946524,1.1443850267379678,3.593582887700535
2018-01-12 10:00:00,1515751200,13530.99,13990.29,13520.0,13940.01,646.82038596,0.6794258373205742,0.19617224880382775,1.4688995215311005,3.1913875598086126
2018-01-12 11:00:00,1515754800,13976.39,14152.19,13912.04,13990.08,649.8172981,3.267857142857143,1.3705357142857142,1.4419642857142858,3.4285714285714284
2018-01-12 12:00:00,1515758400,13991.0,14152.19,13837.71,14051.13,679.38462026,1.5394190871369295,0.5228215767634855,1.3443983402489628,3.4149377593360994
2018-01-12 13:00:00,1515762000,14050.0,14098.8,13837.83,13927.0,419.68061499,1.4182509505703422,0.6806083650190115,1.4600760456273765,3.3992395437262357
2018-01-12 14:00:00,1515765600,13927.0,14032.48,13803.2,13935.93,542.66567548,1.5547703180212014,0.4664310954063604,1.226148409893993,3.325088339222615
2018-01-12 15:00:00,1515769200,13935.95,14020.48,13675.0,13698.54,1338.29434122,1.7904761904761906,0.8063492063492064,1.1873015873015873,3.2857142857142856
2018-01-12 16:00:00,1515772800,13698.45,13797.58,13395.76,13575.23,761.6003889,1.919093851132686,0.6699029126213593,1.27831715210356,3.614886731391586
2018-01-12 17:00:00,1515776400,13575.24,13700.2,13550.0,13601.71,513.45313362,2.189542483660131,0.7875816993464052,1.2745098039215685,3.3790849673202614
2018-01-12 18:00:00,1515780000,13609.8,13699.99,13480.22,13520.0,352.60659397,1.9752650176678446,0.8515901060070671,1.1448763250883391,3.371024734982332
2018-01-12 19:00:00,1515783600,13520.0,13837.71,13489.77,13778.48,485.89028952,1.143939393939394,0.36363636363636365,1.2045454545454546,3.356060606060606
2018-01-12 20:00:00,1515787200,13778.48,13976.61,13700.35,13881.63,540.78911052,1.2596491228070175,0.543859649122807,1.263157894736842,3.0350877192982457
2018-01-12 21:00:00,1515790800,13881.72,13934.19,13736.65,13774.89,274.45747836,1.2377049180327868,0.8319672131147541,1.1188524590163935,3.1188524590163933
2018-01-12 22:00:00,1515794400,13763.0,13774.24,13570.01,13639.94,403.6556131,2.467811158798283,0.6523605150214592,1.2703862660944205,3.0815450643776825
2018-01-12 23:00:00,1515798000,13639.89,13869.87,13568.44,13781.41,450.09760164,2.5972850678733033,1.914027149321267,1.3529411764705883,3.4615384615384617
2018-01-13 00:00:00,1515801600,13829.28,14258.6,13789.42,14167.98,786.09241375,,,,
2018-01-13 01:00:00,1515805200,14167.98,14260.58,14053.47,14121.69,530.42534651,,,,
2018-01-13 02:00:00,1515808800,14096.64,14194.21,14079.7,14150.0,282.64489143,,,,
2018-01-13 03:00:00,1515812400,14148.0,14185.47,13976.61,14165.03,205.94190455,,,,
2018-01-13 04:00:00,1515816000,14165.01,14200.0,14035.06,14122.31,239.19904159,4.377777777777778,3.140740740740741,1.1555555555555554,3.22962962962963
2018-01-13 05:00:00,1515819600,14122.31,14294.25,14122.31,14194.42,166.57348676,2.7041420118343193,1.4319526627218935,1.3254437869822486,3.0414201183431953
2018-01-13 06:00:00,1515823200,14228.62,14284.92,14079.95,14231.01,193.30500983,9.52760736196319,2.1533742331288344,1.177914110429448,3.3067484662576687
2018-01-13 07:00:00,1515826800,14231.0,14437.72,14150.29,14401.72,406.86614582,2.34375,1.2,1.2875,3.4125
2018-01-13 08:00:00,1515830400,14405.79,14409.2,14239.95,14273.45,330.54162142,2.175,1.0333333333333334,1.3916666666666666,3.5833333333333335
2018-01-13 09:00:00,1515834000,14273.45,14309.98,14117.0,14269.64,394.72849893,8.876543209876543,3.9814814814814814,1.3024691358024691,3.5308641975308643
2018-01-13 10:00:00,1515837600,14250.96,14305.0,14185.0,14225.02,236.11946413,2.287581699346405,1.4379084967320261,1.34640522875817,3.450980392156863
2018-01-13 11:00:00,1515841200,14265.27,14280.1,14120.52,14260.99,252.98405421,1.5555555555555556,0.7513227513227513,1.2328042328042328,3.2857142857142856
2018-01-13 12:00:00,1515844800,14253.03,14473.82,14220.58,14367.7,335.23567803,1.592039800995025,1.6965174129353233,1.1691542288557213,3.6069651741293534
2018-01-13 13:00:00,1515848400,14367.7,14619.1,14331.52,14491.84,452.9119113,1.0394088669950738,0.458128078817734,1.29064039408867,3.399014778325123
2018-01-13 14:00:00,1515852000,14446.48,14583.32,14302.89,14401.58,316.87060482,1.5345622119815667,0.815668202764977,1.2165898617511521,3.4055299539170507
2018-01-13 15:00:00,1515855600,14421.8,14435.45,14160.62,14266.13,423.09486688,3.956896551724138,2.3793103448275863,1.2586206896551724,3.3232758620689653
2018-01-13 16:00:00,1515859200,14266.13,14400.0,14251.61,14280.03,355.26681551,2.109433962264151,0.8603773584905661,1.2037735849056603,3.2943396226415094
2018-01-13 17:00:00,1515862800,14280.0,14315.52,14201.13,14309.99,262.92669245,2.2991803278688523,2.5368852459016393,1.3032786885245902,3.6065573770491803
2018-01-13 18:00:00,1515866400,14309.99,14350.21,14206.57,14254.98,281.99813639,2.2370689655172415,0.8879310344827587,1.2758620689655173,3.4051724137931036
2018-01-13 19:00:00,1515870000,14254.98,14316.69,13960.08,14079.89,406.19910587,2.82648401826484,1.08675799086758,1.1004566210045663,3.2465753424657535
2018-01-13 20:00:00,1515873600,14079.88,14231.64,14063.28,14168.36,106.41429569,2.456896551724138,0.625,1.2155172413793103,3.206896551724138
2018-01-13 21:00:00,1515877200,14168.35,14244.0,14024.43,14188.03,194.72129202,1.899497487437186,0.36180904522613067,1.2512562814070352,3.0854271356783918
2018-01-13 22:00:00,1515880800,14170.41,14329.98,14140.58,14273.97,112.60227282,7.87434554973822,1.9581151832460733,1.2722513089005236,3.3089005235602094
2018-01-13 23:00:00,1515884400,14304.47,14333.73,14149.8,14197.78,215.32346776,1.5357142857142858,0.37755102040816324,1.1377551020408163,3.056122448979592
2018-01-14 00:00:00,1515888000,14197.78,14290.7,14153.4,14283.99,117.5018095,1.4153005464480874,1.2295081967213115,1.1475409836065573,3.568306010928962
2018-01-14 01:00:00,1515891600,14283.99,14365.81,14192.67,14310.03,193.3208119,1.2933333333333332,0.41333333333333333,1.2,3.04
2018-01-14 02:00:00,1515895200,14310.35,14365.81,14152.43,14255.89,79.88250174,0.6410256410256411,0.15384615384615385,1.2756410256410255,3.2756410256410255
2018-01-14 03:00:00,1515898800,14253.65,14271.63,14205.02,14241.83,52.55418648,2.128787878787879,0.8484848484848485,1.2121212121212122,3.242424242424242
2018-01-14 04:00:00,1515902400,14241.83,14280.0,13803.2,13851.02,391.07598717,1.375,0.4117647058823529,1.1544117647058822,3.3529411764705883
2018-01-14 05:00:00,1515906000,13900.0,13975.56,13500.06,13782.9,755.56049264,1.0352112676056338,0.352112676056338,1.1901408450704225,3.5422535211267605
2018-01-14 06:00:00,1515909600,13782.9,13901.33,13726.86,13836.96,197.77334017,1.6666666666666667,1.1041666666666667,1.3472222222222223,3.513888888888889
2018-01-14 07:00:00,1515913200,13836.98,13858.82,13675.11,13733.99,201.77467113,0.47244094488188976,0.15748031496062992,1.3464566929133859,3.204724409448819
2018-01-14 08:00:00,1515916800,13733.99,13815.48,13597.96,13664.6,235.94697519,0.44329896907216493,0.12886597938144329,1.309278350515464,3.8969072164948453
2018-01-14 09:00:00,1515920400,13664.6,13664.6,13100.01,13540.21,1075.54235884,1.8972602739726028,1.821917808219178,1.1232876712328768,3.3493150684931505
2018-01-14 10:00:00,1515924000,13554.99,13631.95,13500.01,13533.18,192.87807766,1.5657894736842106,0.9736842105263158,1.256578947368421,3.4342105263157894
2018-01-14 11:00:00,1515927600,13533.98,13631.77,13428.0,13522.56,279.31447018,0.7823529411764706,0.3764705882352941,1.1588235294117648,3.1176470588235294
2018-01-14 12:00:00,1515931200,13522.56,13563.57,13262.63,13310.68,424.9160357,1.6964285714285714,1.3035714285714286,1.3214285714285714,3.5238095238095237
2018-01-14 13:00:00,1515934800,13324.66,13699.8,13315.18,13642.62,265.26548455,1.3315217391304348,0.717391304347826,1.1956521739130435,3.3097826086956523
2018-01-14 14:00:00,1515938400,13642.62,13654.8,13500.0,13573.83,154.13788992,3.6206896551724137,1.5172413793103448,1.4926108374384237,3.5566502463054186
2018-01-14 15:00:00,1515942000,13573.73,13573.83,13072.22,13229.05,822.12688541,1.946341463414634,0.8341463414634146,1.2536585365853659,3.4292682926829268
2018-01-14 16:00:00,1515945600,13222.98,13362.35,13072.23,13308.12,533.33422301,8.610619469026549,2.747787610619469,1.1415929203539823,3.274336283185841
2018-01-14 17:00:00,1515949200,13354.5,13554.27,13235.29,13519.99,375.83738802,1.7457627118644068,0.8516949152542372,1.2627118644067796,3.3813559322033897
2018-01-14 18:00:00,1515952800,13500.04,13597.96,13480.03,13563.11,219.88511739,2.674107142857143,0.6607142857142857,1.125,3.357142857142857
2018-01-14 19:00:00,1515956400,13564.26,13591.71,13310.37,13334.92,152.94638008,3.9952380952380953,1.4047619047619047,1.2809523809523808,3.323809523809524
2018-01-14 20:00:00,1515960000,13348.1,13535.27,13300.0,13474.13,180.72024479,1.553921568627451,0.4411764705882353,1.2156862745098038,3.5098039215686274
2018-01-14 21:00:00,1515963600,13507.55,13530.0,13390.06,13435.57,227.82853511,2.5757575757575757,1.4090909090909092,1.303030303030303,3.2676767676767677
2018-01-14 22:00:00,1515967200,13425.4,13585.0,13390.13,13585.0,254.00334778,2.50561797752809,0.8146067415730337,1.3932584269662922,3.432584269662921
2018-01-14 23:00:00,1515970800,13585.01,13725.98,13585.01,13647.99,204.50837536,4.01685393258427,2.792134831460674,1.3651685393258426,3.331460674157303
2018-01-15 00:00:00,1515974400,13647.99,13753.25,13602.71,13732.75,215.51229263,2.394285714285714,0.7257142857142858,1.3314285714285714,3.3142857142857145
2018-01-15 01:00:00,1515978000,13732.74,13800.0,13633.19,13654.66,441.38304115,0.7730061349693251,0.15337423312883436,1.3865030674846626,3.1779141104294477
2018-01-15 02:00:00,1515981600,13639.29,13659.24,13472.39,13545.21,314.96474446,1.1437125748502994,0.6586826347305389,1.1377245508982037,3.7425149700598803
2018-01-15 03:00:00,1515985200,13516.1,13606.34,13429.25,13580.0,111.72512946,0.6326530612244898,0.21768707482993196,1.3061224489795917,3.4489795918367347
2018-01-15 04:00:00,1515988800,13579.7,13682.17,13534.16,13639.8,144.71657708,2.108108108108108,1.4391891891891893,1.2094594594594594,3.2364864864864864
2018-01-15 05:00:00,1515992400,13639.81,13682.21,13540.0,13616.72,194.98683868,0.7309941520467836,0.22807017543859648,1.2573099415204678,3.3157894736842106
2018-01-15 06:00:00,1515996000,13616.72,13831.7,13616.72,13783.09,283.99992696,7.265822784810126,1.2531645569620253,1.3481012658227849,3.3354430379746836
2018-01-15 07:00:00,1515999600,13780.0,13780.0,13650.0,13650.0,177.11885078,1.9821428571428572,0.49404761904761907,1.1488095238095237,3.4107142857142856
2018-01-15 08:00:00,1516003200,13692.75,13717.63,13550.0,13602.73,332.30834276,1.055299539170507,0.28110599078341014,1.4101382488479262,3.7004608294930876
2018-01-15 09:00:00,1516006800,13602.75,13784.9,13566.59,13710.0,279.55952155,3.08187134502924,1.9298245614035088,1.2222222222222223,3.3859649122807016
2018-01-15 10:00:00,1516010400,13710.0,13872.31,13659.93,13788.64,359.32901261,2.6439024390243904,3.2146341463414636,1.2926829268292683,3.268292682926829
2018-01-15 11:00:00,1516014000,13778.12,13855.26,13607.92,13800.0,320.24408089,0.7475247524752475,0.3415841584158416,1.4108910891089108,3.594059405940594
2018-01-15 12:00:00,1516017600,13800.0,14200.0,13700.0,14182.91,749.16989604,0.7570093457943925,0.24766355140186916,1.3785046728971964,3.7149532710280373
2018-01-15 13:00:00,1516021200,14182.91,14270.89,14062.06,14212.21,736.33720675,0.9915254237288136,0.423728813559322,1.4279661016949152,3.7457627118644066
2018-01-15 14:00:00,1516024800,14212.32,14394.36,14136.36,14150.02,629.21092372,26.25,9.407692307692308,1.396153846153846,3.503846153846154
2018-01-15 15:00:00,1516028400,14150.03,14179.86,14020.0,14098.0,660.87202791,1.5758620689655172,0.47586206896551725,1.3689655172413793,3.920689655172414
2018-01-15 16:00:00,1516032000,14098.0,14185.25,14011.55,14170.85,592.79215733,2.158671586715867,0.985239852398524,1.3800738007380073,3.273062730627306
2018-01-15 17:00:00,1516035600,14173.97,14185.25,13920.0,13940.0,327.93690792,1.2553191489361701,0.6382978723404256,1.4113475177304964,3.2375886524822697
2018-01-15 18:00:00,1516039200,13963.81,14037.38,13911.01,13942.18,309.60505957,2.758503401360544,1.119047619047619,1.5510204081632653,3.261904761904762
2018-01-15 19:00:00,1516042800,13993.05,14026.19,13812.96,13934.01,328.09641067,2.283464566929134,1.1653543307086613,1.3976377952755905,3.4645669291338583
2018-01-15 20:00:00,1516046400,13930.0,13985.0,13750.0,13755.0,350.67594057,25.173745173745175,4.818532818532819,1.359073359073359,3.3474903474903477
2018-01-15 21:00:00,1516050000,13770.0,13978.04,13752.3,13939.58,299.77744569,4.73542600896861,1.7443946188340806,1.2690582959641257,3.1121076233183858
2018-01-15 22:00:00,1516053600,13953.13,13957.53,13788.62,13808.48,220.72152822,1.4724770642201834,0.926605504587156,1.3440366972477065,3.4357798165137616
2018-01-15 23:00:00,1516057200,13829.59,13868.51,13462.82,13607.04,1063.59144484,2.75,0.8839285714285714,1.2053571428571428,3.1651785714285716
2018-01-16 00:00:00,1516060800,13581.66,13607.04,13098.0,13250.0,927.35959169,1.792626728110599,0.4423963133640553,1.294930875576037,3.23963133640553
2018-01-16 01:00:00,1516064400,13250.0,13385.29,12710.0,13059.06,1594.55308848,2.1176470588235294,0.5490196078431373,1.0833333333333333,3.426470588235294
2018-01-16 02:00:00,1516068000,13059.06,13198.36,12750.0,13162.71,975.24400532,4.175609756097561,0.9804878048780488,1.5609756097560976,3.2195121951219514
2018-01-16 03:00:00,1516071600,13162.71,13178.02,12810.05,12931.54,692.20557309,9.580808080808081,2.3484848484848486,1.2272727272727273,3.1363636363636362
2018-01-16 04:00:00,1516075200,12943.9,13039.17,12807.03,13006.99,412.53015127,1.625,0.2,1.5,3.425
2018-01-16 05:00:00,1516078800,13006.99,13130.83,12884.27,13098.85,395.90224837,1.3010752688172043,0.7473118279569892,1.0483870967741935,3.263440860215054
2018-01-16 06:00:00,1516082400,13098.85,13196.57,13042.0,13157.89,304.04650539,0.8670212765957447,0.42021276595744683,1.2553191489361701,3.265957446808511
2018-01-16 07:00:00,1516086000,13157.89,13230.0,12428.99,12429.09,1101.99231363,1.2,0.4918918918918919,1.2972972972972974,3.2216216216216216
2018-01-16 08:00:00,1516089600,12447.39,12657.16,11730.0,12215.07,3557.52341473,1.7678571428571428,0.9910714285714286,1.4166666666666667,3.4136904761904763
2018-01-16 09:00:00,1516093200,12232.86,12256.29,11191.59,11487.85,2618.88884068,2.5976331360946747,1.0887573964497042,1.4408284023668638,3.3106508875739644
2018-01-16 10:00:00,1516096800,11499.31,12089.68,11442.43,11809.83,2374.69100764,2.955026455026455,1.0317460317460319,1.5,3.560846560846561
2018-01-16 11:00:00,1516100400,11809.83,12430.95,11809.83,12417.91,1760.9762037,1.6820809248554913,0.4682080924855491,1.4566473988439306,3.3583815028901736
2018-01-16 12:00:00,1516104000,12417.91,12553.75,12032.03,12191.03,1613.46583268,3.1763005780346822,1.754335260115607,1.4190751445086704,3.407514450867052
2018-01-16 13:00:00,1516107600,12191.03,12305.47,11632.86,11718.81,1509.40447162,2.0454545454545454,0.9630681818181818,1.4403409090909092,3.2443181818181817
2018-01-16 14:00:00,1516111200,11692.02,12152.8,11604.59,11999.99,1379.89335926,2.846753246753247,0.9506493506493506,1.3246753246753247,3.4545454545454546
2018-01-16 15:00:00,1516114800,11999.98,12398.0,11942.24,12313.29,1261.58172682,2.518716577540107,0.6042780748663101,1.4411764705882353,3.216577540106952
2018-01-16 16:00:00,1516118400,12313.29,12409.22,11970.05,12089.77,1016.86797795,1.229551451187335,0.49340369393139843,1.403693931398417,3.3245382585751977
2018-01-16 17:00:00,1516122000,12074.57,12131.3,11388.92,11388.92,1808.82236102,6.408312958435208,3.295843520782396,1.3300733496332517,3.2053789731051343
2018-01-16 18:00:00,1516125600,11388.92,11590.94,11120.91,11554.53,2303.80131548,5.015801354401806,2.435665914221219,1.3724604966139955,2.9571106094808126
2018-01-16 19:00:00,1516129200,11526.53,11882.75,11509.32,11532.34,999.20123215,0.7030812324929971,0.1876750700280112,1.4201680672268908,3.044817927170868
2018-01-16 20:00:00,1516132800,11507.42,11676.87,10940.04,11039.1,1737.97547238,3.532710280373832,1.5077881619937694,1.4018691588785046,3.4143302180685358
2018-01-16 21:00:00,1516136400,11052.61,11272.96,10415.0,10761.12,3187.62257559,1.503562945368171,0.4251781472684085,1.3610451306413303,3.01187648456057
2018-01-16 22:00:00,1516140000,10761.12,11247.78,10162.0,11220.0,3462.285104,4.324770642201835,0.8146788990825689,1.2660550458715596,3.014678899082569
2018-01-16 23:00:00,1516143600,11220.0,11556.13,10861.24,11386.34,1793.04871495,331.04611650485435,81.67718446601941,1.296116504854369,3.128640776699029
2018-01-17 00:00:00,1516147200,11393.97,11794.07,11136.46,11143.79,1739.98170071,2.125766871165644,0.7331288343558282,1.3190184049079754,3.061349693251534
2018-01-17 01:00:00,1516150800,11136.5,11609.4,11136.46,11342.97,849.09554337,1.5138888888888888,0.5729166666666666,1.3819444444444444,3.3368055555555554
2018-01-17 02:00:00,1516154400,11304.64,11509.62,10842.2,10985.02,1198.41470162,1.4381625441696113,0.4028268551236749,1.2932862190812722,3.0848056537102475
2018-01-17 03:00:00,1516158000,10985.02,11101.01,10566.99,10948.32,1275.59313993,12.860627177700348,2.7386759581881535,1.372822299651568,3.1045296167247387
2018-01-17 04:00:00,1516161600,10958.24,11332.19,10689.44,11191.0,897.00437375,1.8464419475655431,0.50187265917603,1.3220973782771535,3.235955056179775
2018-01-17 05:00:00,1516165200,11189.37,11247.62,10915.61,11135.01,682.18025711,0.75,0.4406779661016949,1.3305084745762712,3.3983050847457625
2018-01-17 06:00:00,1516168800,11135.01,11497.42,11107.14,11285.0,781.44341175,4.578947368421052,1.3967611336032388,1.263157894736842,3.5465587044534415
2018-01-17 07:00:00,1516172400,11285.0,11408.17,11114.54,11244.42,908.24389275,1.987603305785124,0.9834710743801653,1.6115702479338843,3.2148760330578514
2018-01-17 08:00:00,1516176000,11243.18,11250.0,10777.46,10947.54,1084.66666671,0.9633802816901409,0.2647887323943662,1.5183098591549296,3.4225352112676055
2018-01-17 09:00:00,1516179600,10947.54,10959.15,10350.0,10540.0,1185.40314155,0.7649402390438247,0.26693227091633465,1.6932270916334662,3.458167330677291
2018-01-17 10:00:00,1516183200,10540.0,10566.99,10067.0,10071.0,1955.35151875,1.3928571428571428,0.6428571428571429,1.6785714285714286,3.35
2018-01-17 11:00:00,1516186800,10075.99,10646.4,10000.0,10188.05,2198.76869035,2.325,1.028125,1.503125,3.4
2018-01-17 12:00:00,1516190400,10209.86,10801.7,10052.25,10422.03,1576.87582737,2.7253521126760565,0.9225352112676056,1.5539906103286385,3.4507042253521125
2018-01-17 13:00:00,1516194000,10446.28,10545.86,10030.0,10030.0,1590.50766812,1.311720698254364,0.29177057356608477,1.7231920199501247,3.451371571072319
2018-01-17 14:00:00,1516197600,10049.9,10210.0,9500.0,9500.0,4717.15674349,3.8729096989966556,1.6120401337792643,1.68561872909699,3.387959866220736
2018-01-17 15:00:00,1516201200,9500.0,9811.83,9222.0,9557.62,3656.4633195,2.7092084006462036,1.0032310177705976,1.5751211631663975,3.121163166397415
2018-01-17 16:00:00,1516204800,9538.55,10332.17,9526.11,10332.17,2090.88957223,2.7115384615384617,1.4388111888111887,1.652097902097902,3.0297202797202796
2018-01-17 17:00:00,1516208400,10332.17,10495.77,9902.78,10100.03,2133.34935173,11.646586345381525,3.7991967871485945,1.5040160642570282,3.251004016064257
2018-01-17 18:00:00,1516212000,10139.5,10141.42,9755.53,9780.36,1605.97841298,2.4802631578947367,0.7346491228070176,1.3925438596491229,3.0789473684210527
2018-01-17 19:00:00,1516215600,9780.33,10619.89,9780.32,10494.73,1679.15150179,2.0184331797235022,0.8456221198156681,1.5023041474654377,3.3294930875576036
2018-01-17 20:00:00,1516219200,10494.71,11025.17,10358.0,10900.95,2000.3411716,1.8013698630136987,0.589041095890411,1.3812785388127853,3.7100456621004567
2018-01-17 21:00:00,1516222800,10900.0,11360.52,10700.0,11360.0,2232.21583092,5.486910994764398,1.8848167539267016,1.468586387434555,3.2094240837696337
2018-01-17 22:00:00,1516226400,11360.0,11575.71,11081.62,11163.36,2053.27596317,2.30188679245283,0.49595687331536387,1.522911051212938,3.5390835579514826
2018-01-17 23:00:00,1516230000,11163.35,11350.0,10807.13,11191.35,1263.83733665,7.211267605633803,3.7183098591549295,1.408450704225352,3.1690140845070425
2018-01-18 00:00:00,1516233600,11199.0,11328.39,10888.39,11308.72,834.49732544,2.132142857142857,0.33214285714285713,1.3678571428571429,3.4035714285714285
2018-01-18 01:00:00,1516237200,11328.4,11619.0,11144.71,11521.01,1244.95578052,1.6794871794871795,0.3974358974358974,1.4188034188034189,2.8803418803418803
2018-01-18 02:00:00,1516240800,11525.32,11800.0,11431.47,11731.53,995.74563177,2.2379032258064515,0.5685483870967742,1.3951612903225807,3.2903225806451615
2018-01-18 03:00:00,1516244400,11731.85,11823.56,11335.29,11421.1,765.16394761,0.7611336032388664,0.2145748987854251,1.263157894736842,3.230769230769231
2018-01-18 04:00:00,1516248000,11421.1,11589.73,11146.01,11168.39,807.38656135,1.3675213675213675,0.4230769230769231,1.3632478632478633,3.448717948717949
2018-01-18 05:00:00,1516251600,11146.01,11219.57,10915.61,11039.18,818.44018158,1.6650717703349283,0.19138755980861244,1.2248803827751196,3.1196172248803826
2018-01-18 06:00:00,1516255200,11039.18,11388.92,11023.87,11218.24,655.14479224,1.0622222222222222,0.44,1.4177777777777778,3.2488888888888887
2018-01-18 07:00:00,1516258800,11229.72,11280.0,10693.0,10749.97,792.78270277,0.8844221105527639,0.2964824120603015,1.2412060301507537,3.2964824120603016
2018-01-18 08:00:00,1516262400,10730.99,10997.68,10704.1,10903.07,599.52771448,3.640625,1.6875,1.45,3.503125
2018-01-18 09:00:00,1516266000,10903.08,11399.0,10860.61,11250.0,1020.38638432,1.586046511627907,0.9023255813953488,1.3069767441860465,3.3302325581395347
2018-01-18 10:00:00,1516269600,11250.0,11380.0,11163.68,11305.74,419.2636359,4.677130044843049,2.713004484304933,1.3677130044843049,3.811659192825112
2018-01-18 11:00:00,1516273200,11344.29,11650.0,11344.29,11568.0,808.97585667,1.7732793522267207,0.7368421052631579,1.5587044534412955,3.2955465587044532
2018-01-18 12:00:00,1516276800,11567.99,12028.37,11555.01,11749.95,1760.70816645,16.92691029900332,36.21926910299003,1.255813953488372,3.7607973421926912
2018-01-18 13:00:00,1516280400,11706.11,11967.64,11582.63,11723.98,867.57962576,1.9530201342281879,1.0100671140939597,1.3926174496644295,3.4865771812080535
2018-01-18 14:00:00,1516284000,11723.98,11978.9,11706.06,11978.9,750.1436296,3.4685534591194966,1.2735849056603774,1.3427672955974843,3.2830188679245285
2018-01-18 15:00:00,1516287600,11978.9,12146.0,11900.0,12070.0,1371.37528524,2.217910447761194,0.5522388059701493,1.391044776119403,3.226865671641791
2018-01-18 16:00:00,1516291200,12074.85,12074.85,11706.06,11785.09,1067.7666452,8.295522388059702,5.841791044776119,1.3582089552238805,3.4417910447761195
2018-01-18 17:00:00,1516294800,11787.4,11910.0,11503.24,11503.24,1229.67048404,2.3069620253164556,1.2784810126582278,1.3291139240506329,3.401898734177215
2018-01-18 18:00:00,1516298400,11503.24,11800.0,11451.01,11788.35,1186.96416035,5.759868421052632,1.4671052631578947,1.4210526315789473,3.486842105263158
2018-01-18 19:00:00,1516302000,11790.0,11849.0,11560.83,11830.0,470.30013331,3.0925925925925926,0.8444444444444444,1.374074074074074,3.2962962962962963
2018-01-18 20:00:00,1516305600,11825.0,11998.99,11699.99,11823.78,867.55369895,1.6373239436619718,0.5316901408450704,1.4225352112676057,3.2288732394366195
2018-01-18 21:00:00,1516309200,11823.78,11892.86,11440.0,11606.0,901.07165991,3.7049180327868854,0.5901639344262295,1.3114754098360655,3.3442622950819674
