Unnamed: 0,timestamp,open,high,low,close,volume,likes,retweets,emotion,emoji
2018-01-02,1514851200,13394.2,15257.53,12910.58,14678.94,16299.66930279,1.9702627939142463,0.7043568464730291,0.4861687413554633,3.231327800829876
2018-01-03,1514937600,14670.96,15500.0,14546.28,15155.62,12275.00119668,1.9398625429553265,1.0761168384879725,0.4546391752577319,3.082817869415808
2018-01-04,1515024000,15155.62,15430.27,14192.37,15143.67,15004.01859256,3.431941431670282,1.209056399132321,0.4707158351409978,3.0704989154013016
2018-01-05,1515110400,15143.67,17200.0,14810.0,16928.0,16248.91467956,2.33438265127667,1.0494928296607204,0.4786638684854844,3.1547743966421824
2018-01-06,1515196800,16927.99,17234.99,16220.0,17149.67,9501.01675546,2.473110959836624,1.708645336963921,0.5071477195371,3.1261629226231
2018-01-07,1515283200,17142.43,17149.97,15707.16,16124.02,8632.81384337,2.339862007567327,0.8871578010238148,0.5001112842198976,3.07522813265079
2018-01-08,1515369600,16173.98,16300.0,13900.0,14999.99,16676.34994239,2.0864912280701757,1.189298245614035,0.4829824561403509,3.053859649122807
2018-01-09,1515456000,14999.99,15367.18,14123.97,14403.51,13913.52469368,2.327101229577228,1.0853966649823144,0.4749873673572511,2.973050362135759
2018-01-10,1515542400,14403.51,14900.0,13412.0,14890.02,18479.01253046,2.073393002441009,0.971358828315704,0.4885272579332791,2.97786818551668
2018-01-11,1515628800,14899.99,14973.07,12800.0,13243.83,19630.07517112,2.060959409594096,0.8581549815498155,0.4614022140221402,2.918081180811808
2018-01-12,1515715200,13249.99,14152.19,12807.27,13781.41,13433.08481363,2.071193486921877,0.8361337259657025,0.4697730815866967,2.934695998614239
2018-01-13,1515801600,13829.28,14619.1,13789.42,14197.78,7488.98701847,3.0917041479260368,1.3950524737631185,0.4737631184407796,3.0402298850574714
2018-01-14,1515888000,14197.78,14365.81,13072.22,13647.99,7588.63558972,2.272727272727273,1.0167216203485634,0.5011775788977861,3.124823363165332
2018-01-15,1515974400,13647.99,14394.36,13429.25,13607.04,9444.63530824,4.439515341020129,1.5227672464334572,0.5229626734414696,3.0945866718780537
2018-01-16,1516060800,13581.66,13607.04,10162.0,11386.34,38789.88308789,20.40504854368932,5.366084142394822,0.6143689320388349,2.9442071197411
2018-01-17,1516147200,11393.97,11794.07,9222.0,11191.35,41356.1897379,3.3858480984087573,1.1877891885791672,0.5739758492269496,3.061731181582214
2018-01-18,1516233600,11199.0,12146.0,10693.0,11247.57,22195.26202056,3.806120863756408,2.9038371912381544,0.5180984930868417,3.110299829112941
2018-01-19,1516320000,11290.9,12050.39,11025.18,11552.0,13203.25567513,2.36199649737303,0.8453590192644483,0.4768826619964973,3.134676007005254
2018-01-20,1516406400,11560.82,13052.12,11515.94,12775.99,10324.05733414,3.1822510822510823,1.1294372294372297,0.5021645021645021,3.2145021645021643
2018-01-21,1516492800,12782.99,12791.88,11100.0,11558.87,11596.44128787,1.5048963789569574,0.6199043498064222,0.5590981553176952,3.3962650876793443
2018-01-22,1516579200,11558.87,11910.78,10028.41,10808.99,17067.72925582,3.1576371897937783,1.104159384830479,0.4785040195735757,3.2780496329954563
2018-01-23,1516665600,10810.0,11409.87,9927.54,10851.82,17250.17614645,2.226296663363066,1.7117608192930294,0.4871159563924678,3.148331681532871
2018-01-24,1516752000,10848.99,11500.0,10488.13,11400.96,11646.79059794,1.4972022382094323,0.6834532374100719,0.4546762589928058,3.1235811350919263
2018-01-25,1516838400,11400.98,11741.82,10868.57,11155.54,10212.92183381,2.9897265948632974,1.0256835128417563,0.4407622203811102,3.0889809444904723
2018-01-26,1516924800,11140.01,11635.0,10263.32,11092.95,15074.66641243,1.7843034434539415,0.6373011711239294,0.4605838140185282,3.0454466002447123
2018-01-27,1517011200,11093.74,11630.47,10815.84,11446.54,10309.80746248,2.7118605184675384,0.7166781371874283,0.4432209222298692,3.1254874971323696
2018-01-28,1517097600,11446.54,11989.15,11360.52,11685.58,9956.09249576,2.4430497443049743,0.8400743840074384,0.4607159460715946,3.294746629474663
2018-01-29,1517184000,11685.58,11820.01,10991.0,11162.62,9996.35689848,2.4683397683397685,0.9445945945945946,0.4268339768339768,3.203861003861004
2018-01-30,1517270400,11162.62,11222.36,9731.2,9971.0,21082.19252764,1.596799173980382,0.6284632593357425,0.4658406470487007,3.172431595250387
2018-01-31,1517356800,9971.0,10324.0,9514.96,10149.0,12743.50947059,2.5341625489861985,0.8347248253535525,0.4005793150451525,3.1777134094394275
2018-02-01,1517443200,10148.99,10187.56,8455.0,8998.99,26356.58883931,3.047239444936522,1.1002361972246826,0.524800708591674,3.095364629465604
2018-02-02,1517529600,9010.87,9096.79,7625.25,8838.83,44406.01982931,2.759787205019779,0.8404037648342655,0.5756377029054699,3.210339653526122
2018-02-03,1517616000,8838.29,9491.2,8170.71,9225.86,16208.37411342,2.4064182194616976,0.7915113871635611,0.5339544513457557,3.390269151138716
2018-02-04,1517702400,9225.31,9350.09,7825.0,8191.0,19110.67246079,2.066423826869509,0.6410970644953932,0.5215341761302764,3.331047782301264
2018-02-05,1517788800,8190.78,8335.56,6600.0,6874.27,46544.42880431,5.42901878914405,1.7288622129436326,0.5835073068893528,3.2267745302713986
2018-02-06,1517875200,6878.65,8150.0,5920.72,7737.37,70961.36965826,2.813638124757846,0.8252615265401008,0.5156915924060441,3.0437814800464937
2018-02-07,1517961600,7737.26,8649.0,7213.8,7588.01,32640.89253754,2.866190159574468,1.1053856382978724,0.5297539893617021,3.2406914893617023
2018-02-08,1518048000,7588.01,8644.36,7565.5,8259.76,22746.39118112,1.992045253668022,0.660597489835602,0.5034470567438571,3.338165105179424
2018-02-09,1518134400,8259.42,8779.62,7753.32,8693.98,18418.11709042,1.745503597122302,0.6359712230215827,0.4588129496402878,3.1140287769784174
2018-02-10,1518220800,8693.98,9090.8,8170.86,8560.0,14670.55870203,1.7624837168910117,0.5349544072948328,0.4834997828918801,3.156969170646982
2018-02-11,1518307200,8560.0,8560.0,7820.0,8067.0,12711.7858457,2.9841664079478423,2.3514436510400496,0.440235951567836,3.201800683017696
2018-02-12,1518393600,8077.25,8995.0,8067.0,8899.0,15071.04029684,2.435041258875456,0.961043945499904,0.4705430819420457,3.176933410094032
2018-02-13,1518480000,8891.2,8951.89,8360.13,8522.99,11374.52415254,3.7863186318631854,1.1303330333033303,0.4324032403240324,3.023042304230423
2018-02-14,1518566400,8504.57,9515.0,8504.57,9490.98,17468.73886593,2.1621969140337987,0.9252387950036738,0.4849375459221161,3.105620867009552
2018-02-15,1518652800,9490.98,10234.0,9350.0,10018.0,21036.3373175,1.844709281329,0.6132177681473456,0.5070422535211268,3.1327193932827737
2018-02-16,1518739200,10011.3,10300.0,9707.51,10196.0,11857.64277513,1.7427039904705182,0.8044470915227317,0.426047250347429,3.1782807226523726
2018-02-17,1518825600,10203.14,11135.83,10053.5,11101.0,14511.16913676,2.6135552913198574,0.7743162901307967,0.4753864447086801,3.2451843043995243
2018-02-18,1518912000,11101.0,11300.0,10153.15,10421.06,17623.07943135,3.678830352827453,1.1164813919768004,0.5,3.4236346060898986
2018-02-19,1518998400,10433.68,11262.48,10307.51,11173.0,11698.25622611,1.6139375801624627,0.7165455322787516,0.4279606669516888,3.240487387772552
2018-02-20,1519084800,11159.12,11780.0,11080.37,11233.41,15880.9090398,2.3176537802323365,0.7935631308322224,0.4532470005713197,3.2477623309845742
2018-02-21,1519171200,11233.42,11275.74,10256.0,10449.4,19959.67715652,1.7850090670965142,0.5480556115252871,0.46665323393109,3.2131775136006446
2018-02-22,1519257600,10446.79,10935.0,9731.2,9843.34,20204.69095384,1.5613234455219624,0.5752044114850732,0.4681498383723141,3.420802433922799
2018-02-23,1519344000,9843.33,10405.3,9600.0,10166.1,16044.03930333,1.2784139100932994,0.5608566581849025,0.4550466497031382,3.4868532654792195
2018-02-24,1519430400,10135.2,10540.63,9373.48,9689.99,13972.71472351,3.3030804902285524,1.1464060947333554,0.4730043060616098,3.218615435574693
2018-02-25,1519516800,9688.26,9883.41,9260.0,9590.04,11037.17695269,4.876654182272159,1.6614232209737827,0.4846441947565543,3.3652933832709118
2018-02-26,1519603200,9595.99,10461.97,9376.34,10324.7,16156.80505618,1.933843291296258,0.723589001447178,0.445110605747364,3.200951002687616
2018-02-27,1519689600,10329.99,10850.0,10150.0,10566.3,10408.47993775,3.0582732410836093,1.1736503605534985,0.4164880140323523,3.127850321574742
2018-02-28,1519776000,10572.49,11064.75,10255.07,10314.9,10490.74905816,2.9129184637502568,0.9431094680632574,0.4592318751283631,3.181556787841446
2018-03-01,1519862400,10314.99,11090.0,10223.41,10903.13,9481.66514611,1.586082910321489,0.5537225042301185,0.4376057529610829,3.163071065989848
2018-03-02,1519948800,10917.37,11175.0,10774.01,11029.99,8329.09790086,1.690081731831235,0.5893527722553568,0.4548265959796775,3.087696045946543
2018-03-03,1520035200,11032.81,11503.24,11022.85,11445.0,7786.26753951,2.228542407313357,1.1762315896394109,0.4497206703910614,3.232351447435246
2018-03-04,1520121600,11445.0,11511.0,11054.91,11463.27,6831.63070279,1.1867800329127811,0.4670872188699945,0.4769610532089962,3.515907844212836
2018-03-05,1520208000,11479.68,11688.0,11383.66,11419.24,9933.67623336,2.197192513368984,1.1740196078431373,0.4685828877005347,3.2406417112299466
2018-03-06,1520294400,11417.39,11420.01,10560.19,10723.76,14734.41949313,2.2238558707807,0.7287223027541934,0.4582729343549389,3.1669082625802445
2018-03-07,1520380800,10723.01,10911.78,9450.0,9913.03,26116.51184803,13.336750483558994,3.306189555125725,0.4481624758220502,3.148549323017408
2018-03-08,1520467200,9904.52,10150.0,9078.95,9285.32,22522.42746991,1.898339003402041,0.7928757254352612,0.4766860116069641,3.2663598158895337
2018-03-09,1520553600,9293.06,9420.39,8366.0,9230.0,29014.16684454,2.379535262943335,0.9145943742356298,0.556461475743987,3.1375866286180187
2018-03-10,1520640000,9228.83,9514.96,8697.0,8791.47,12886.58857926,1.9804607757363664,0.7675707203266259,0.5339749198016914,3.186934966462525
2018-03-11,1520726400,8795.04,9768.37,8450.0,9535.04,16407.54237557,2.9451594851706773,0.8284834918858421,0.5299384443200895,3.1916620033575827
2018-03-12,1520812800,9535.04,9892.0,8742.07,9120.75,18751.02057959,2.7212971078001758,1.5129272567922876,0.43908851884312,3.1925942156003506
2018-03-13,1520899200,9115.24,9482.79,8830.0,9142.32,16001.47534639,1.6130749574105625,0.5930579216354344,0.4352640545144804,3.0924190800681437
2018-03-14,1520985600,9152.07,9356.14,7948.0,8196.69,21191.0231358,2.05,0.7291015625,0.4513671875,3.1580078125
2018-03-15,1521072000,8195.99,8425.0,7682.0,8265.05,18387.61138793,2.4800637958532694,0.8145933014354066,0.44896331738437,3.251196172248804
2018-03-16,1521158400,8265.05,8613.06,7914.08,8258.54,16498.62433531,2.477596314907873,1.351968174204355,0.4461892797319933,3.3819095477386933
2018-03-17,1521244800,8258.54,8356.4,7730.23,7860.83,12048.6688914,1.900281257990284,0.8458194835080542,0.4627972385579136,3.340322168243416
2018-03-18,1521331200,7860.83,8324.92,7325.37,8188.24,19547.36114711,3.29662261380323,0.9848262359275576,0.5570239843367597,3.359520313264807
2018-03-19,1521417600,8205.55,8718.74,8114.17,8596.93,19396.08835883,2.0677255680564746,0.9097727774101037,0.4747407897639532,3.319214648135892
2018-03-20,1521504000,8596.79,9051.0,8313.01,8904.02,13454.8222604,2.83812472357364,1.2494471472799646,0.4575409111012826,3.34984520123839
2018-03-21,1521590400,8904.02,9188.1,8754.83,8893.79,12100.99713332,1.657481162540366,0.8286329386437029,0.483745963401507,3.46286329386437
2018-03-22,1521676800,8892.18,9099.59,8503.52,8704.67,12587.63392229,2.003722661703118,1.0504885993485342,0.4613773848301535,3.412052117263844
2018-03-23,1521763200,8708.52,8920.79,8265.0,8920.79,13749.78486097,1.945697796432319,0.6731374606505771,0.4514690451206715,3.4475341028331585
2018-03-24,1521849600,8917.99,9020.0,8505.0,8547.0,9731.98236841,1.81284834262247,0.5934291581108829,0.4793194485186272,3.5233206218832502
2018-03-25,1521936000,8541.96,8680.0,8368.63,8453.9,9155.91214778,2.64742951907131,1.3850746268656715,0.5008291873963516,3.4477611940298507
2018-03-26,1522022400,8451.12,8500.0,7831.15,8149.66,17693.4153393,1.6963645673323091,0.6533538146441372,0.5578597030209933,3.461085509472606
2018-03-27,1522108800,8152.26,8211.62,7742.11,7791.7,12385.25028422,2.07400858802728,0.9555443293761052,0.4882546097499368,3.4203081586259154
2018-03-28,1522195200,7791.69,8104.98,7723.03,7932.41,8437.64467971,1.8107721639656813,0.9492373689227837,0.415395614871306,3.393946615824595
2018-03-29,1522281600,7932.41,7968.0,6914.53,7088.38,22138.11413228,1.8598425196850397,0.5489313835770528,0.5077615298087739,3.292238470191226
2018-03-30,1522368000,7086.14,7302.35,6550.0,6850.0,29101.44802706,2.871291866028708,0.8966507177033493,0.5655502392344498,3.4677033492822966
2018-03-31,1522454400,6839.63,7231.73,6794.26,6928.62,11579.59705718,2.183838990687894,0.7512766596575549,0.5121658155602283,3.5539200961249624
2018-04-01,1522540800,6926.5,7045.71,6427.16,6813.52,18046.94087395,2.314197530864197,0.9700617283950618,0.5219135802469136,3.504320987654321
2018-04-02,1522627200,6816.31,7106.5,6759.96,7052.76,13624.16035566,1.865651709401709,0.7526709401709402,0.5042735042735043,3.403044871794872
2018-04-03,1522713600,7052.75,7506.84,7001.28,7416.27,16089.54162903,3.007977354606279,1.1464230571281524,0.5571281523417396,3.2774060730828616
2018-04-04,1522800000,7415.53,7430.0,6710.38,6799.95,15779.20246661,2.127829560585885,0.8708388814913449,0.5174434087882823,3.4647137150466047
2018-04-05,1522886400,6799.37,6928.7,6578.95,6771.69,11894.53597807,2.693511156706848,1.0256476019492178,0.5229546037445499,3.418825339830726
2018-04-06,1522972800,6771.3,6850.0,6510.0,6618.33,8478.41806897,1.6022372528616025,0.5772632674297606,0.4555150884495317,3.308012486992716
2018-04-07,1523059200,6627.7,7069.13,6600.99,6904.9,7683.0416526,1.687190594059406,0.7478341584158416,0.4631806930693069,3.391398514851485
2018-04-08,1523145600,6904.21,7104.52,6894.8,7027.26,4352.69794202,2.70635146681857,0.9903161492452291,0.5471375676445457,3.3409285103958988
2018-04-09,1523232000,7027.26,7175.83,6611.49,6780.1,10103.91621615,1.9449260581336048,0.918918918918919,0.5489546149923509,3.458694543600204
2018-04-10,1523318400,6782.39,6900.0,6653.21,6835.67,6480.19276418,1.8381690845422711,0.580040020010005,0.4992496248124062,3.2621310655327664
2018-04-11,1523404800,6824.75,6984.92,6809.26,6940.94,5825.41064556,2.321410579345088,1.067506297229219,0.4430730478589421,3.323425692695214
2018-04-12,1523491200,6940.94,8069.34,6758.45,7923.78,19033.3803344,2.426299045599152,0.7737009544008484,0.5043478260869565,3.2519618239660657
2018-04-13,1523577600,7923.78,8239.33,7753.32,7896.92,19605.94275077,1.862905053251756,0.6313165646952187,0.4643099932019034,3.3639247677317017
2018-04-14,1523664000,7885.9,8232.14,7835.0,8000.41,8935.53071477,1.5341169724770642,0.6651376146788991,0.474197247706422,3.5240825688073394
2018-04-15,1523750400,8003.39,8417.0,8001.23,8354.22,7542.84081564,3.2785138248847927,1.2641129032258065,0.4674539170506912,3.521601382488479
2018-04-16,1523836800,8353.43,8424.99,7905.0,8048.15,10866.60295749,2.194663278271918,1.1344345616264295,0.4592121982210927,3.2569250317662006
2018-04-17,1523923200,8054.68,8160.85,7806.81,7890.87,9277.15121538,1.718259989883662,0.6115326251896813,0.4205867475973697,3.295649974709155
2018-04-18,1524009600,7890.87,8235.0,7870.35,8172.84,9227.20459808,2.0482466462697104,0.7413509060955519,0.4292774770534243,3.190397740644858
2018-04-19,1524096000,8172.83,8297.99,8074.44,8271.31,9436.84632763,2.2453838678328477,0.8051506316812439,0.4511661807580175,3.271622934888241
2018-04-20,1524182400,8273.0,8934.0,8216.9,8861.0,16059.62267134,2.5206896551724136,0.8559113300492611,0.516256157635468,3.263054187192118
2018-04-21,1524268800,8865.78,9023.4,8608.0,8920.71,15336.30792743,3.174765807962529,1.2464871194379392,0.4997072599531616,3.3199648711943794
2018-04-22,1524355200,8924.93,9036.52,8760.0,8789.96,9346.45175925,5.12420566146736,1.6571346042749855,0.4945118428653957,3.374638937030618
2018-04-23,1524441600,8781.7,9006.39,8771.22,8946.95,10286.1177149,2.3779337043309945,0.8903943866440842,0.4856036777159448,3.320590370191145
2018-04-24,1524528000,8942.0,9737.16,8930.0,9648.0,20460.50898304,2.1325552313463945,0.7155064610254273,0.4676948728636932,3.338891204668612
2018-04-25,1524614400,9648.36,9755.53,8751.0,8864.99,33035.90404482,2.285614849187935,0.660092807424594,0.5134570765661253,3.211368909512761
2018-04-26,1524700800,8855.07,9326.79,8647.29,9274.48,20042.96970211,1.9908972691807545,0.7029908972691807,0.4699609882964889,3.341222366710013
2018-04-27,1524787200,9277.32,9387.82,8901.09,8921.43,11375.51437547,2.551556698086261,0.8866038274778635,0.5181376749500143,3.1856612396458157
2018-04-28,1524873600,8916.54,9442.34,8854.47,9345.11,15558.40230193,2.53979840111227,0.7970107751129649,0.4761904761904761,3.224191866527633
2018-04-29,1524960000,9352.97,9538.75,9180.0,9393.99,10940.71803063,1.3594536304816678,0.4252336448598131,0.5546369518332135,3.335729690869878
2018-04-30,1525046400,9396.32,9443.96,9111.0,9242.17,8085.68829456,2.0945698596705307,0.7724222086638194,0.4942037827943868,3.1967663209273947
2018-05-01,1525132800,9243.51,9249.99,8815.91,9066.9,12138.2639605,2.3809938971229294,0.7271142109851787,0.4905550712002325,3.1981981981981984
2018-05-02,1525219200,9066.9,9259.16,8975.23,9222.0,10575.17497792,3.410144532315244,1.2637032997000273,0.4813198800109081,3.2937005726752115
2018-05-03,1525305600,9220.0,9799.99,9165.19,9732.43,11670.79957863,2.489690721649485,0.8244845360824742,0.5304123711340206,3.2425257731958763
2018-05-04,1525392000,9737.0,9784.73,9527.38,9696.57,7326.05207111,2.736577181208053,1.2287472035794182,0.5050335570469798,3.1582774049217
2018-05-05,1525478400,9689.0,9948.98,9670.68,9823.28,7403.10502352,3.468759342301943,0.8804185351270553,0.5121076233183857,3.161136023916293
2018-05-06,1525564800,9827.04,9918.41,9375.0,9623.54,8155.5768566,2.179308050565536,0.571523619427811,0.5964737192282102,3.3097139055222886
2018-05-07,1525651200,9621.99,9634.5,9175.0,9359.52,13616.3485933,7.487836777399948,2.0491760397593515,0.5445984828668585,3.130787339785509
2018-05-08,1525737600,9356.79,9450.0,9015.0,9167.69,11418.31053651,2.2045283018867923,0.6865408805031447,0.5255345911949686,3.120251572327044
2018-05-09,1525824000,9181.52,9368.79,8974.62,9308.49,11368.83432539,3.310479375696767,1.246098104793757,0.5457079152731327,3.178929765886288
2018-05-10,1525910400,9308.49,9393.0,8987.74,9020.99,11764.9775057,2.3624161073825505,1.04586129753915,0.5033557046979866,3.3235458612975397
2018-05-11,1525996800,9007.19,9018.38,8351.0,8411.42,20383.92660992,2.1512714063310847,0.7457187337830825,0.5454073689673067,3.19901401141671
2018-05-12,1526083200,8408.79,8652.8,8208.81,8481.6,15464.92940302,1.957867858282796,0.6520906479412704,0.5502713054580275,3.225023938716885
2018-05-13,1526169600,8481.72,8775.9,8335.56,8696.58,9835.22450915,2.338731443994602,0.8090418353576249,0.5074224021592443,3.4156545209176787
2018-05-14,1526256000,8696.54,8900.9,8286.57,8674.36,18861.93709627,2.7098154586787917,1.1807970045466702,0.534100026745119,3.397432468574485
2018-05-15,1526342400,8674.53,8865.0,8400.0,8474.99,12391.83198691,2.047144396551724,0.5193965517241379,0.4865301724137931,3.1982758620689653
2018-05-16,1526428800,8481.99,8505.33,8100.01,8346.59,12705.12321984,1.784496537027171,0.7456046883324454,0.4829515183803942,3.095098561534363
2018-05-17,1526515200,8337.77,8500.0,7980.0,8067.03,8259.12452442,1.9492344883158743,0.6432984152565135,0.5224281493419286,3.254364759602471
2018-05-18,1526601600,8058.16,8275.1,7929.53,8248.87,7181.20388348,2.807900432900433,1.264339826839827,0.5083874458874459,3.33198051948052
2018-05-19,1526688000,8248.99,8395.0,8141.08,8231.2,3784.07576637,2.385511467054969,0.7568256279577721,0.5515107389879869,3.478704040771751
2018-05-20,1526774400,8225.55,8590.0,8170.71,8518.48,5314.99889979,3.1398945518453427,3.3033391915641475,0.5370826010544816,3.557469244288225
2018-05-21,1526860800,8518.64,8589.1,8320.0,8391.76,6126.97105348,2.367088607594937,0.8396624472573839,0.5572634116937915,3.361663652802893
2018-05-22,1526947200,8403.23,8417.65,7951.41,7984.08,9101.06078693,2.475892624446182,0.8498827208756842,0.5191555903049258,3.325775345321866
2018-05-23,1527033600,7983.98,8032.01,7435.49,7502.89,17635.90129337,1.98367548849864,0.495424189957952,0.5599802127133316,3.332179074944348
2018-05-24,1527120000,7509.99,7733.99,7267.24,7586.88,11648.36524358,2.335526315789474,0.7255263157894737,0.5257894736842105,3.182894736842105
2018-05-25,1527206400,7579.3,7661.07,7328.13,7471.18,10088.84331121,2.60231425091352,0.991169305724726,0.5803897685749086,3.3206455542021924
2018-05-26,1527292800,7459.21,7622.87,7276.04,7335.99,4043.55765023,1.826556315221303,0.5926592299388269,0.5246491543720763,3.4077006117308386
2018-05-27,1527379200,7335.99,7412.57,7213.09,7347.39,3144.45110906,4.091358024691358,1.0670194003527338,0.5544973544973545,3.3248677248677247
2018-05-28,1527465600,7348.64,7445.0,7084.99,7112.5,6583.63252959,2.713407134071341,0.732779827798278,0.5719557195571956,3.2506150061500616
2018-05-29,1527552000,7112.2,7537.0,7026.9,7469.45,11049.92099287,2.7568274259151657,0.778617083091226,0.5554909936083672,3.242300987797792
2018-05-30,1527638400,7469.45,7559.0,7273.89,7375.73,8940.4540053,1.6708627571384709,0.5164261590420632,0.5726128338962235,3.221369358305189
2018-05-31,1527724800,7375.64,7601.23,7330.22,7492.28,7339.00726931,2.227598566308244,0.6320191158900836,0.526284348864994,3.1669653524492234
2018-06-01,1527811200,7492.28,7620.01,7348.45,7511.6,6762.6275727,3.2842227378190256,1.1116589327146171,0.5458236658932715,3.198085846867749
2018-06-02,1527897600,7511.72,7700.0,7438.92,7642.0,4012.16875521,2.7827768014059755,0.9968365553602812,0.5261862917398945,3.3328646748681896
2018-06-03,1527984000,7642.0,7790.69,7581.03,7703.67,4729.21008365,1.7471184072651065,0.558505064617534,0.483059727558505,3.265805099545931
2018-06-04,1528070400,7712.97,7764.44,7449.68,7488.26,6990.5513527,2.268195718654434,0.7614678899082569,0.536085626911315,3.236697247706422
2018-06-05,1528156800,7494.99,7685.0,7360.0,7617.98,9968.45508961,1.7101533121203356,0.5177899913219555,0.5070870697136245,3.169511136823836
2018-06-06,1528243200,7617.98,7695.46,7482.61,7658.57,7058.05577232,2.055587724377533,0.7015055008685582,0.5231615518239722,3.200926462072959
2018-06-07,1528329600,7658.99,7750.0,7618.99,7689.28,7545.00925066,2.072849709213345,0.6776859504132231,0.5445362718089991,3.2372206917661464
2018-06-08,1528416000,7676.41,7697.0,7542.0,7618.11,4676.55832777,1.3614609571788414,0.4675692695214106,0.5327455919395466,3.309823677581864
2018-06-09,1528502400,7618.11,7686.45,7468.31,7492.7,2713.78104511,2.793916349809886,1.1669201520912549,0.5418250950570342,3.367680608365019
2018-06-10,1528588800,7498.0,7498.0,6627.7,6781.17,14392.69540615,4.427586206896552,1.3172413793103448,0.6344827586206897,3.1758620689655173
2018-06-11,1528675200,6781.17,6919.97,6634.86,6880.61,11409.52423218,2.306122448979592,0.6678302900107411,0.5612244897959183,3.0988184747583243
2018-06-12,1528761600,6880.76,6880.76,6461.42,6557.67,8827.5994997,1.946969696969697,0.536969696969697,0.546969696969697,3.250909090909091
2018-06-13,1528848000,6557.66,6624.45,6120.0,6307.4,19190.50457858,2.677621283255086,0.7146583202921231,0.5907668231611893,3.343505477308294
2018-06-14,1528934400,6308.49,6708.1,6270.69,6646.1,14185.83821156,2.9321600908316774,0.7666761282997445,0.5078058472892422,3.206358217428328
2018-06-15,1529020800,6638.8,6666.66,6370.0,6390.6,7132.20678871,2.4234505862646567,0.8130653266331658,0.5142378559463987,3.45929648241206
2018-06-16,1529107200,6390.6,6557.81,6333.63,6487.92,3553.69972603,2.3060109289617485,0.6334594367381252,0.5287936107608239,3.433795712484237
2018-06-17,1529193600,6487.92,6575.35,6429.23,6453.41,2828.75680848,2.378815080789946,0.5843806104129264,0.5166068222621185,3.3061041292639137
2018-06-18,1529280000,6451.03,6793.0,6381.25,6707.5,5940.1743975,2.5704500978473583,0.9168297455968688,0.5185909980430529,3.233529028049576
2018-06-19,1529366400,6711.3,6841.81,6660.21,6736.52,5443.67979628,2.052596975673899,0.6117685733070348,0.5069033530571992,3.175871137409599
2018-06-20,1529452800,6728.44,6809.26,6558.95,6756.58,5193.76884592,2.291861240827218,0.7398265510340227,0.5290193462308206,3.2515010006671115
2018-06-21,1529539200,6756.6,6792.2,6677.85,6718.33,4837.32442832,2.1405071967100757,0.7786154900616861,0.5246744345442084,3.22960932145305
2018-06-22,1529625600,6718.33,6737.97,5940.0,6050.45,18544.14405465,3.0906914097575577,1.2382520203531877,0.5830589643819216,3.161927566596827
2018-06-23,1529712000,6055.17,6261.0,6048.54,6177.38,4585.87147205,2.6000788022064616,0.7379826635145784,0.5713159968479118,3.311268715524035
2018-06-24,1529798400,6169.91,6255.05,5780.0,6153.4,11423.59392896,2.4688549048862365,0.6669153301007087,0.6303618052965312,3.29727713539724
2018-06-25,1529884800,6153.6,6365.34,6075.01,6253.61,9689.68930701,2.7486979166666665,1.087890625,0.5458984375,3.316731770833333
2018-06-26,1529971200,6252.28,6277.0,6025.68,6068.0,7751.62208792,2.2034459907223325,0.730284956925116,0.5437375745526839,3.3223989396951623
2018-06-27,1530057600,6073.99,6181.11,5985.0,6135.64,7446.86155074,2.7922419460881,0.744904667981591,0.5230111768573307,3.2163050624589085
2018-06-28,1530144000,6135.64,6165.49,5818.14,5848.33,8878.39857291,1.7986968449931413,0.6083676268861454,0.5209190672153635,3.156378600823045
2018-06-29,1530230400,5845.2,6299.0,5774.72,6204.24,12067.37316767,2.1015625,0.6721875,0.604375,3.2678125
2018-06-30,1530316800,6204.01,6510.0,6190.28,6385.71,6915.08887702,2.108861726508785,0.6760886172650878,0.5676088617265088,3.2288006111535523
2018-07-01,1530403200,6385.75,6438.55,6259.34,6349.99,4160.70556721,2.2101937657961246,0.586352148272957,0.514743049705139,3.2173546756529063
2018-07-02,1530489600,6345.48,6667.57,6270.69,6612.98,8799.80247408,3.0179358086847072,0.8930144745122719,0.5365009439899308,3.3325991189427318
2018-07-03,1530576000,6605.46,6666.0,6464.39,6507.99,5924.86541706,2.6801075268817205,0.6878360215053764,0.509744623655914,3.323252688172043
2018-07-04,1530662400,6507.99,6792.28,6413.2,6584.25,6706.7340062,2.1291952363767592,0.651389390111873,0.5254420786719596,3.267773367015518
2018-07-05,1530748800,6575.62,6700.0,6445.31,6533.69,7692.21577694,2.6601590744757773,1.061822125813449,0.5473608098336948,3.384671005061461
2018-07-06,1530835200,6533.69,6636.15,6449.76,6596.53,5457.67218749,2.135479306685532,0.7729041386628935,0.5465157410682703,3.354439334984082
2018-07-07,1530921600,6604.74,6820.0,6510.0,6759.99,4842.79587112,1.7467561521252797,0.5624161073825503,0.5682326621923938,3.38165548098434
2018-07-08,1531008000,6755.46,6783.54,6674.6,6706.6,5145.84575684,1.9007400957771008,0.6277753591641271,0.5916412712233348,3.30605137135394
2018-07-09,1531094400,6706.6,6814.72,6620.0,6666.75,7165.21723333,2.935396123767426,1.0214212852771167,0.5331519891193471,3.3536212172730364
2018-07-10,1531180800,6666.75,6683.9,6270.84,6299.46,9163.01977492,6.758064516129032,1.935483870967742,0.532258064516129,3.225806451612903
2018-07-11,1531267200,6304.45,6400.0,6285.0,6380.0,6370.13680136,3.836599020293912,1.559482155353394,0.5720783764870538,3.29111266620014
2018-07-12,1531353600,6379.13,6380.0,6072.0,6243.88,7792.46685782,3.581539584093397,1.2167092302079534,0.4925209777453484,3.226194819408975
2018-07-13,1531440000,6243.53,6337.25,6121.01,6215.59,5901.29571452,1.944841012329656,0.7391304347826086,0.4779364049318624,3.2848799480856585
2018-07-14,1531526400,6208.78,6317.84,6180.0,6243.98,2584.7339623,1.9178250204415368,1.0376124284546198,0.4775143090760425,3.304987735077678
2018-07-15,1531612800,6245.99,6397.21,6227.76,6349.3,3556.29310719,1.5590586145648313,0.4946714031971581,0.5226465364120781,3.214476021314387
2018-07-16,1531699200,6353.25,6755.0,6333.63,6721.04,9404.05647649,2.332294264339152,0.6296758104738155,0.4912718204488778,3.2353491271820447
2018-07-17,1531785600,6721.21,7468.31,6657.95,7310.71,12703.29651293,4.550402665926132,1.3643432379894471,0.5684532074423772,3.2474312690919187
2018-07-18,1531872000,7310.71,7599.98,7239.15,7378.1,13347.87429603,3.552164261931188,1.0249722530521643,0.5274694783573807,3.1420643729189788
2018-07-19,1531958400,7384.92,7570.9,7278.84,7471.42,8803.25309749,2.701917130488559,0.9053803339517624,0.5210265924551639,3.2949907235621523
2018-07-20,1532044800,7474.35,7696.88,7265.0,7330.84,9379.17143244,2.2177677998717127,0.6949967928159076,0.5388069275176395,3.3133418858242463
2018-07-21,1532131200,7330.84,7458.0,7212.0,7409.92,4049.81022253,2.4438063986874488,0.8236259228876128,0.4983593109105824,3.308039376538146
2018-07-22,1532217600,7398.16,7581.03,7336.15,7396.6,5107.9788128,1.637331150225133,0.3720835038886614,0.5706099058534588,3.352026197298404
2018-07-23,1532304000,7393.5,7800.0,7369.86,7719.62,12572.45317131,3.5522713130056003,1.0771624144368388,0.5771624144368388,3.384878655880523
2018-07-24,1532390400,7712.46,8496.96,7691.14,8403.83,18707.41156484,5.975324344950394,2.7163571610277284,0.5924701093869245,3.2482828796743832
2018-07-25,1532476800,8394.48,8475.0,8049.22,8174.06,10348.06857767,3.4138349514563107,1.1623179611650485,0.5515776699029126,3.210861650485437
2018-07-26,1532563200,8174.06,8314.23,7855.97,7926.0,8091.87166049,3.3950135175728446,1.1180534695103634,0.5382997897266446,3.417843196155001
2018-07-27,1532649600,7926.0,8274.98,7798.48,8183.05,8701.76587806,2.481135017149984,0.7056439039600874,0.5316495166822576,3.794823822887434
2018-07-28,1532736000,8177.72,8259.0,8051.43,8237.74,2765.6804906,2.931474103585657,0.7410358565737052,0.5398406374501992,4.047410358565737
2018-07-29,1532822400,8231.07,8299.99,8109.74,8216.74,3980.2794076,7.163366336633663,2.017739273927393,0.5499174917491749,3.6093234323432335
2018-07-30,1532908800,8216.74,8295.0,7853.01,8160.21,11785.89207823,2.3967286722257857,0.7200128287363695,0.5410519563822963,3.5525978191148173
2018-07-31,1532995200,8162.28,8162.37,7633.67,7725.43,11994.08614156,2.102613129381772,0.7195666029318037,0.5959209687699172,3.5634161886551943
2018-08-01,1533081600,7726.85,7761.56,7440.0,7602.01,11406.76843741,2.6951660637948045,0.8003946070371588,0.5754685958566261,3.501808615586978
2018-08-02,1533168000,7600.22,7709.98,7455.0,7536.37,5262.23613199,3.1432979088104216,1.0191978059650326,0.5677065478231059,3.334933150497086
2018-08-03,1533254400,7535.0,7542.92,7286.41,7416.98,9585.77930917,2.0355528773727025,0.7454052425429346,0.5079843326303103,3.264537511298584
2018-08-04,1533340800,7416.98,7494.48,6926.0,7009.99,6831.75139028,3.7541899441340782,1.0810055865921788,0.5633147113594041,3.1797020484171323
2018-08-05,1533427200,7009.94,7086.8,6888.88,7032.61,6039.1351446,3.2821804855703163,1.0609253321117729,0.5886394869445717,3.3999083829592305
2018-08-06,1533513600,7028.89,7157.93,6835.06,6936.11,7317.64296455,2.0864371047083625,0.6391426563598033,0.5495432185523542,3.3211524947294446
2018-08-07,1533600000,6932.18,7155.0,6671.0,6717.68,10039.39296375,3.867779632721202,1.046076794657763,0.5342237061769616,3.339565943238731
2018-08-08,1533686400,6717.67,6717.68,6121.0,6283.59,14668.56802221,3.7135416666666665,0.9651041666666668,0.6036458333333333,3.2416666666666667
2018-08-09,1533772800,6283.89,6627.0,6190.01,6543.76,9484.88670496,2.4750505731625085,0.980782198246797,0.5522589345920431,3.2693863789615643
2018-08-10,1533859200,6544.98,6584.05,5995.75,6139.99,14096.00988894,3.5558116562397104,1.0971353309186698,0.5597629239380968,3.381297332894304
2018-08-11,1533945600,6139.99,6494.13,6000.0,6239.98,6818.37504816,4.216443594646272,1.0994263862332696,0.5915869980879541,3.310516252390057
2018-08-12,1534032000,6240.49,6493.77,6163.44,6310.82,7169.89323056,2.257307351638618,0.5558015943312666,0.5496014171833481,3.33436669619132
2018-08-13,1534118400,6311.99,6544.37,6142.2,6252.63,8896.68083746,2.005468215994532,0.5892002734107997,0.6021872863978127,3.310663021189337
2018-08-14,1534204800,6252.63,6254.02,5880.0,6193.62,14235.27018218,3.576934138625252,1.0089157319528328,0.5895887259131435,3.206499856197872
2018-08-15,1534291200,6194.3,6628.5,6186.02,6272.3,12501.11334781,2.500331564986737,0.6704244031830239,0.5517241379310345,3.372015915119364
2018-08-16,1534377600,6273.34,6477.57,6208.37,6313.51,7099.2611636,2.799065420560748,1.090941768511862,0.5384615384615384,3.40079079798706
2018-08-17,1534464000,6314.08,6584.49,6290.64,6580.15,6635.58158998,2.359226594301221,0.6919945725915875,0.5502035278154681,3.1794436906377204
2018-08-18,1534550400,6578.13,6615.0,6303.0,6399.28,3496.80232127,2.5511915269196823,0.7135922330097088,0.5339805825242718,3.293027360988526
2018-08-19,1534636800,6397.37,6545.0,6312.0,6481.99,3138.71131829,4.268370607028754,2.001369237790963,0.5568233683249658,3.3952533089913284
2018-08-20,1534723200,6481.63,6522.99,6223.9,6260.82,6254.82080784,2.963462220645619,0.8378857750975524,0.5352962043277758,3.2167435260730755
2018-08-21,1534809600,6260.83,6513.28,6246.05,6479.27,5655.04172504,2.1969546507778883,0.6550810989738497,0.5561072492552135,3.027474346242966
2018-08-22,1534896000,6478.99,6906.81,6250.0,6355.76,11955.65069577,1.9746514575411915,0.6761723700887199,0.5418250950570342,3.2278200253485423
2018-08-23,1534982400,6355.97,6575.99,6344.8,6525.01,4028.43387247,2.641658752769864,0.6926242481798037,0.4647040202595758,3.195314973092751
2018-08-24,1535068800,6525.99,6721.09,6445.32,6692.94,6374.54257854,2.506286102616378,0.710159700985389,0.5015290519877675,3.27692830445124
2018-08-25,1535155200,6692.99,6800.0,6664.25,6732.4,4980.64928331,2.9916267942583734,0.757177033492823,0.5406698564593302,3.3476874003189794
2018-08-26,1535241600,6732.99,6775.34,6558.95,6700.46,3475.7202496,2.563039723661485,0.7763385146804835,0.5634715025906736,3.3164939550949915
2018-08-27,1535328000,6700.13,6944.47,6641.35,6904.51,5863.68824836,2.932588194201886,0.8690185120502969,0.564093608103388,3.315403422982885
2018-08-28,1535414400,6911.7,7125.28,6861.17,7080.94,8222.24765235,2.530715642811906,0.8812539582013933,0.5462317922735909,3.292273590880304
2018-08-29,1535500800,7079.46,7124.06,6890.0,7032.96,5730.97892652,2.225563909774436,0.8226247436773753,0.5051264524948735,3.297334244702666
2018-08-30,1535587200,7034.47,7055.97,6792.85,6984.01,6875.26197217,2.5621639784946235,0.7221102150537635,0.5806451612903226,3.3578629032258065
2018-08-31,1535673600,6984.34,7101.03,6879.0,7017.35,5790.38050638,3.931010207673354,1.3590285110876452,0.5491024287222809,3.294262583597325
2018-09-01,1535760000,7015.78,7300.18,7015.22,7185.01,4590.45724112,3.215018465326221,0.975789905621666,0.5646286417726714,3.215428805908904
2018-09-02,1535846400,7195.8,7334.5,7130.63,7290.31,3297.68658519,2.6220806794055203,0.6972399150743099,0.5944798301486199,3.2683651804670912
2018-09-03,1535932800,7291.94,7340.08,7184.0,7258.99,2829.87707292,2.203543158688277,0.6076140218620429,0.5431586882774218,3.386732001507727
2018-09-04,1536019200,7261.29,7411.85,7231.0,7361.0,4531.14780379,3.259233449477352,0.8986062717770035,0.5362369337979094,3.313588850174216
2018-09-05,1536105600,7353.48,7387.0,6650.0,6679.3,12408.79698551,2.79428391959799,0.8548994974874372,0.5612437185929648,3.268844221105528
2018-09-06,1536192000,6671.95,6705.59,6253.29,6493.09,14674.0236716,4.523343708314807,1.3846153846153846,0.5615829257447754,3.144064028457092
2018-09-07,1536278400,6488.01,6525.0,6322.0,6400.0,6541.96747088,2.7921013412816693,0.7231743666169895,0.517511177347243,3.328241430700447
2018-09-08,1536364800,6401.01,6465.46,6113.23,6178.31,4284.19484304,2.41662859753312,0.667428049337597,0.5824577432617634,3.4965737779808133
2018-09-09,1536451200,6178.31,6451.51,6094.38,6236.04,4104.31379555,3.5479713603818617,1.0248210023866349,0.594272076372315,3.4023866348448686
2018-09-10,1536537600,6238.99,6351.13,6223.9,6301.99,5371.72530672,1.7595729013254786,0.5103092783505154,0.5265095729013255,3.2993372606774667
2018-09-11,1536624000,6303.99,6405.0,6162.06,6279.99,7076.79725968,2.654726735598228,0.8149926144756278,0.5672082717872969,3.268463810930576
2018-09-12,1536710400,6274.6,6350.0,6192.89,6322.45,4282.15960066,2.4447927551375828,0.6551724137931034,0.587251828631139,3.316614420062696
2018-09-13,1536796800,6326.83,6537.46,6324.37,6485.7,6985.34747474,2.338067197783166,0.9265673709733288,0.5812261863526151,3.301697263595428
2018-09-14,1536883200,6482.95,6587.0,6384.36,6476.51,4598.02098322,1.9154209284028323,0.7568843430369787,0.5881195908733281,3.525177025963808
2018-09-15,1536969600,6476.51,6570.1,6466.74,6520.15,1328.81956289,2.2960187353629977,0.556440281030445,0.6004683840749414,3.646370023419204
2018-09-16,1537056000,6521.49,6524.84,6349.47,6499.98,1098.62806031,1.9774288518155052,0.584396467124632,0.6045142296368989,3.522080471050049
2018-09-17,1537142400,6499.28,6530.24,6200.0,6254.52,4386.88772482,4.968461538461538,2.0723076923076924,0.5746153846153846,3.345
2018-09-18,1537228800,6251.49,6390.0,6226.63,6332.34,4196.47314808,1.5087719298245614,0.2456140350877192,0.4678362573099415,2.953216374269006
2018-09-19,1537315200,6330.0,6510.0,6100.0,6388.4,7232.08338006,7.246398786959818,2.535253980288097,0.5663381349507203,3.1061410159211524
2018-09-20,1537401600,6388.4,6535.11,6333.63,6492.98,5177.64510387,2.9015939015939014,0.9164934164934164,0.5741510741510741,3.2605682605682604
2018-09-21,1537488000,6492.98,6775.34,6483.83,6749.45,8569.98587321,2.9886184002529244,1.0164400885235536,0.6266202971862156,3.294973126778375
2018-09-22,1537574400,6748.85,6826.28,6624.79,6710.01,5491.80951385,1.7646336471551372,0.4187474416700777,0.6295538272615636,3.33483422022104
2018-09-23,1537660800,6710.01,6774.91,6659.0,6702.22,3248.80491931,1.967147435897436,0.5152243589743589,0.7207532051282052,3.578525641025641
2018-09-24,1537747200,6703.37,6721.68,6550.96,6581.52,4030.72562001,2.743679775280899,0.8581460674157303,0.6439606741573034,3.4655898876404496
2018-09-25,1537833600,6578.7,6579.59,6324.96,6428.99,8206.61700477,2.422937890239895,0.8080841275057509,0.6266841932303647,3.335852776864936
2018-09-26,1537920000,6428.09,6540.0,6379.44,6461.51,4295.92674134,2.230926430517711,0.7183242506811989,0.5756130790190735,3.3075613079019077
2018-09-27,1538006400,6454.32,6736.85,6431.95,6681.62,5664.85211251,2.4014778325123154,0.6090781140042224,0.5911330049261084,3.248064743138635
2018-09-28,1538092800,6684.5,6792.28,6525.67,6610.76,7642.04936428,1.497805413313826,0.4758595464520848,0.634235552304316,3.640087783467447
2018-09-29,1538179200,6609.02,6609.02,6454.0,6579.38,3382.01592212,1.710958904109589,0.6904109589041096,0.6470319634703197,3.603196347031964
2018-09-30,1538265600,6574.29,6628.06,6510.0,6597.81,2482.69507513,1.9262295081967211,0.3770491803278688,0.7404371584699454,3.5628415300546448
2018-10-01,1538352000,6597.79,6638.15,6477.57,6571.2,4796.040132,2.7227138643067845,0.6371681415929203,0.7094395280235988,3.3893805309734515
2018-10-02,1538438400,6569.32,6597.0,6447.28,6500.0,4116.13342419,3.160015203344736,0.8738122386925123,0.6750285062713797,3.372481946028126
2018-10-03,1538524800,6500.0,6510.0,6396.34,6456.77,4774.76328174,1.936,0.5356363636363637,0.6610909090909091,3.414181818181818
2018-10-04,1538611200,6454.81,6604.89,6450.58,6547.56,3832.70048916,2.3330973451327432,0.7267256637168141,0.608141592920354,3.27929203539823
2018-10-05,1538697600,6548.83,6641.35,6510.0,6582.12,3807.26928181,5.380239520958084,1.3218562874251496,0.5494011976047904,3.2440119760479043
2018-10-06,1538784000,6582.11,6595.69,6526.28,6544.08,2022.78075908,2.6779089376053964,0.7200674536256324,0.642495784148398,3.452360876897133
2018-10-07,1538870400,6547.93,6600.0,6493.92,6577.63,2455.65659087,3.877939529675252,0.9798432250839866,0.5274356103023516,3.3919372900335945
2018-10-08,1538956800,6574.15,6656.63,6541.06,6604.75,4079.04424933,2.1935948182799567,0.6941345807844549,0.6599496221662469,3.271680460597337
2018-10-09,1539043200,6604.76,6623.14,6553.13,6588.8,2254.95026959,2.206380857427717,0.5254237288135594,0.5995347291458957,3.480558325024925
2018-10-10,1539129600,6588.72,6589.79,6387.91,6517.55,5177.06675956,2.214477211796247,0.7496648793565683,0.6786193029490617,3.5938337801608577
2018-10-11,1539216000,6517.55,6520.43,6055.28,6152.76,9616.23958351,4.731351654514863,1.344643858665171,0.673864273696018,3.612170499158721
2018-10-12,1539302400,6152.76,6243.79,6109.79,6185.15,3246.3815572,2.437031751694613,0.670353193007492,0.6585800927577595,3.4438102033535496
2018-10-13,1539388800,6182.03,6219.77,6168.83,6199.69,1954.04680593,6.11968085106383,3.1334219858156027,0.6236702127659575,3.43395390070922
2018-10-14,1539475200,6201.23,6349.47,6143.08,6183.0,2525.73820085,2.2735368956743,0.5351993214588634,0.6530958439355385,3.492790500424088
2018-10-15,1539561600,6185.04,6756.0,6149.28,6441.74,16895.88930388,3.272911832946636,0.8517981438515081,0.6139791183294664,3.241589327146172
2018-10-16,1539648000,6438.2,6493.77,6386.4,6461.2,4703.09390629,2.362148002619515,0.6948264571054354,0.5579567779960707,3.4053700065487886
2018-10-17,1539734400,6457.67,6465.39,6407.69,6437.29,2961.26337446,3.290657439446367,0.8622837370242215,0.6325259515570935,3.421453287197232
2018-10-18,1539820800,6440.07,6490.0,6350.0,6396.18,3823.16928503,1.887997208653175,0.5879274249825541,0.5502442428471738,3.157711095603629
2018-10-19,1539907200,6394.23,6412.4,6355.99,6383.46,2290.0590117,1.8342989571263035,0.5090768636539205,0.5534955581305523,3.3279258400927
2018-10-20,1539993600,6380.47,6424.16,6363.02,6412.86,1261.97849549,2.514258999532492,0.7227676484338476,0.5689574567554933,3.30341280972417
2018-10-21,1540080000,6412.86,6470.0,6401.01,6413.38,1541.01151749,1.958772770853308,0.6510067114093959,0.6361457334611696,3.492329817833173
2018-10-22,1540166400,6412.62,6429.23,6372.53,6406.06,2407.5354618,1.969213649851632,0.6246290801186943,0.6120178041543026,3.339391691394659
2018-10-23,1540252800,6409.39,6421.58,6354.26,6393.41,2851.00556658,4.010077258985556,0.8800806180718844,0.5475310715485388,3.148471615720524
2018-10-24,1540339200,6396.24,6473.0,6393.0,6411.96,3535.33808825,2.2626334519572957,0.6373665480427047,0.5818505338078291,3.340569395017793
2018-10-25,1540425600,6411.96,6422.73,6361.73,6393.53,3046.60380599,1.700488538143555,0.3949642991356633,0.5933859451334085,3.2416384817737693
2018-10-26,1540512000,6393.38,6450.3,6377.81,6406.1,3323.82631782,2.761432926829268,0.9173018292682928,0.5628810975609756,3.222942073170732
2018-10-27,1540598400,6406.1,6420.01,6381.25,6407.66,890.1271569,2.7617021276595746,0.8222222222222222,0.5560283687943263,3.35177304964539
2018-10-28,1540684800,6407.66,6420.0,6383.0,6405.57,839.29766473,1.6286141575274178,0.5403788634097707,0.5473579262213359,3.4700897308075773
2018-10-29,1540771200,6404.27,6420.0,6208.37,6266.52,5190.82201499,3.553214674900109,2.293861242281148,0.5506719941881584,3.3058481656374865
2018-10-30,1540857600,6266.47,6289.0,6240.0,6269.46,2523.57742936,1.586608442503639,0.4832605531295487,0.4887190684133916,3.2063318777292578
2018-10-31,1540944000,6269.45,6350.0,6199.25,6303.27,5148.08262352,3.7729002048580624,1.2168568920105356,0.6019900497512438,3.2320749195200467
2018-11-01,1541030400,6304.5,6365.33,6288.01,6340.99,2190.97047686,1.7629157820240622,0.4355980184005661,0.589171974522293,3.2034677990092004
2018-11-02,1541116800,6343.85,6381.25,6328.33,6350.43,2678.06948097,1.748695003728561,0.5205070842654735,0.5436241610738255,3.337434750186428
2018-11-03,1541203200,6350.05,6351.74,6312.48,6335.0,1084.13861953,1.676991150442478,0.5476892822025565,0.5825958702064897,3.3461160275319566
2018-11-04,1541289600,6333.59,6475.0,6310.57,6421.76,2673.81391399,5.129251700680272,1.790249433106576,0.5073696145124716,3.3968253968253967
2018-11-05,1541376000,6428.23,6441.43,6369.89,6403.2,2335.48865475,2.0,0.5887921241953805,0.5709958349110186,3.255963650132525
2018-11-06,1541462400,6404.97,6460.01,6378.24,6447.5,4270.33460011,2.6875,1.0721153846153846,0.7403846153846154,3.0576923076923075
2018-11-07,1541548800,6448.17,6544.0,6442.47,6501.0,4800.82491273,2.7324723247232474,0.7210332103321033,0.5361623616236162,3.114391143911439
2018-11-08,1541635200,6501.0,6511.27,6388.88,6405.49,3966.97303181,0.8717948717948718,0.282051282051282,0.4871794871794871,2.769230769230769
2018-11-09,1541721600,6405.49,6418.18,6307.0,6325.0,3218.12902607,1.9183673469387756,0.4431486880466472,0.5422740524781341,2.868804664723032
2018-11-10,1541808000,6325.0,6377.26,6323.0,6349.32,1523.39384996,2.7063071738083773,0.7530091478093404,0.5339431872893596,3.175734232065479
2018-11-11,1541894400,6349.39,6365.0,6269.46,6357.54,1718.26855567,3.009669211195929,1.0692111959287531,0.6295165394402036,3.206106870229008
2018-11-12,1541980800,6352.57,6388.21,6298.5,6318.0,3526.03903239,5.706363636363636,1.999090909090909,0.5413636363636364,3.1672727272727275
2018-11-13,1542067200,6318.01,6328.36,6244.35,6260.91,3630.56272124,3.3191042687193844,1.0293911826452065,0.5213435969209237,3.052484254723583
2018-11-14,1542153600,6255.86,6298.47,5324.0,5595.91,25121.93301356,7.112234042553191,1.5223404255319148,0.747872340425532,3.004787234042553
2018-11-15,1542240000,5592.23,5641.0,5199.8,5585.0,19945.90828161,4.1406292749658,0.9499316005471956,0.6426812585499316,3.046785225718194
2018-11-16,1542326400,5571.12,5610.0,5411.74,5508.71,8074.6055758,2.1576962632841963,0.5738772711690092,0.5522797394583476,3.101131299280082
2018-11-17,1542412800,5514.62,5550.66,5452.63,5503.36,2732.79162871,2.4210294764628246,0.6559612846458425,0.578090629124505,3.1324241091069074
2018-11-18,1542499200,5503.36,5658.47,5500.0,5559.26,2576.4553201,3.3411710465652376,0.6846473029045643,0.5749193176579068,3.2208390963577687
2018-11-19,1542585600,5553.01,5559.69,4694.44,4735.44,28910.66553331,3.714890240677069,0.7299656175614917,0.6699285903200212,3.1137265273737107
2018-11-20,1542672000,4732.92,4897.36,4048.58,4352.0,39775.38943928,4.645071209159453,1.0740016755096342,0.7844177604021223,3.2130689751466077
2018-11-21,1542758400,4349.41,4635.0,4242.33,4538.01,20678.25000596,5.26605504587156,1.535069547203315,0.6395383249482095,3.1432376442734538
2018-11-22,1542844800,4551.47,4589.53,4194.98,4275.23,10258.46172893,40.13207547169812,12.132075471698114,0.5660377358490566,2.981132075471698
2018-11-23,1542931200,4268.4,4364.46,4061.02,4288.26,13322.77736822,3.810848400556328,0.9707927677329624,0.6477746870653686,3.388038942976356
2018-11-24,1543017600,4288.25,4376.88,3638.48,3785.65,14236.74417437,2.1687638786084382,0.4411547002220577,0.6861584011843079,3.125092524056255
2018-11-25,1543104000,3780.67,4120.0,3474.73,3938.89,26969.94763424,6.959366596952495,2.069315805198685,0.7161637287122796,3.1455034359127576
2018-11-26,1543190400,3934.22,4069.59,3522.28,3727.34,24357.88293934,3.0966183574879227,0.6925262858766695,0.6507530548451265,3.162262006251776
2018-11-27,1543276800,3727.34,3834.35,3548.76,3771.01,16814.00296565,3.3350223546944857,1.2530551415797315,0.6488822652757079,3.187779433681073
2018-11-28,1543363200,3771.01,4355.08,3771.0,4220.16,22983.71348838,8.17015873015873,2.9326984126984126,0.6495238095238095,3.273650793650793
2018-11-29,1543449600,4219.77,4409.77,4086.97,4249.8,15944.01262628,2.3836369886558955,0.607081471295978,0.6565830182193193,3.2571330354073567
2018-11-30,1543536000,4250.0,4300.0,3861.0,3971.06,14364.62144791,2.9527587450414714,0.8954201226108908,0.6354129102055536,3.3076090876307247
2018-12-01,1543622400,3970.56,4264.47,3904.34,4140.39,6412.23253743,2.452830188679245,0.3584905660377358,0.5094339622641509,3.0754716981132075
2018-12-02,1543708800,4140.4,4265.0,4030.0,4102.05,7019.16205825,3.0627094303494493,0.8185734801340354,0.7017711823839158,3.451890856869316
2018-12-03,1543795200,4099.63,4115.15,3747.0,3834.34,10726.6773046,4.264048991354467,0.9560518731988472,0.6775936599423631,3.4758645533141213
2018-12-04,1543881600,3830.81,4033.98,3730.0,3903.52,12249.9368879,3.3017556693489394,0.988295537673738,0.6430138990490124,3.3211411850768107
2018-12-05,1543968000,3903.52,3913.62,3662.35,3696.69,13443.22072621,2.4708381614522983,0.6207029741212824,0.6546929316338355,3.359212050984936
2018-12-06,1544054400,3694.03,3844.79,3415.22,3437.26,15480.96697218,4.79764705882353,1.3184313725490195,0.7066666666666667,3.147450980392157
2018-12-07,1544140800,3437.22,3531.0,3210.0,3380.68,26513.2316249,3.07626310772164,0.7063870352716873,0.684461391801716,3.2402287893231647
2018-12-08,1544227200,3376.27,3495.99,3241.0,3398.8,10176.34927433,4.100312082032992,0.676326348640214,0.6870263040570664,3.31832367365136
2018-12-09,1544313600,3398.8,3633.2,3371.09,3529.75,8011.02295177,2.0,0.4130737134909596,0.6597125637459434,3.466388502549837
2018-12-10,1544400000,3528.68,3588.43,3355.0,3408.0,10375.26877055,2.698868229587712,0.5933710590137429,0.6588520614389652,3.3270008084074374
2018-12-11,1544486400,3406.41,3427.27,3292.65,3353.42,8951.71070828,2.6192835365853657,0.6775914634146342,0.6467225609756098,3.1703506097560976
2018-12-12,1544572800,3345.01,3490.0,3325.7,3430.18,7284.10378196,2.154913294797688,0.4628131021194605,0.6246628131021195,3.090173410404624
2018-12-13,1544659200,3430.2,3441.13,3221.14,3262.73,11715.01908312,2.1593773165307635,0.5637509266123054,0.6193476649369903,3.2457375833951074
2018-12-14,1544745600,3263.55,3294.81,3135.55,3195.75,14437.50526664,2.0449160908193487,0.5024679170779862,0.5829220138203356,3.0967423494570583
2018-12-15,1544832000,3194.04,3230.0,3122.28,3179.54,5814.86853241,3.395067264573991,0.8022421524663678,0.6704035874439462,3.157847533632287
2018-12-16,1544918400,3180.84,3259.43,3178.23,3193.78,6033.50714633,4.015709642470206,0.8921993499458288,0.6121343445287107,3.422535211267605
2018-12-17,1545004800,3191.41,3590.0,3181.26,3496.73,16389.79444903,3.5511627906976746,0.8319767441860465,0.6395348837209303,3.227906976744186
2018-12-18,1545091200,3499.37,3684.0,3422.77,3667.16,13792.36427592,2.833333333333333,0.4305555555555556,0.875,3.736111111111111
2018-12-19,1545177600,3667.16,3924.01,3642.69,3684.5,21125.61437541,4.056425309849967,1.0264187866927592,0.6320939334637965,3.265818656229615
2018-12-20,1545264000,3684.03,4172.07,3656.75,4073.77,25986.85291601,3.318011576438543,1.0214504596527068,0.6043581886278515,3.267620020429009
2018-12-21,1545350400,4073.58,4162.0,3770.0,3841.08,16967.23460506,2.611729769858946,0.5619896065330364,0.5968819599109132,3.402746844840386
2018-12-22,1545436800,3842.59,4010.16,3780.09,3980.9,7697.59815203,4.7002320185614845,1.0737819025522042,0.6380510440835266,3.197679814385151
2018-12-23,1545523200,3977.65,4051.0,3900.0,3943.83,4609.89261726,1.940058479532164,0.4541910331384015,0.6427875243664717,3.4239766081871346
2018-12-24,1545609600,3947.82,4236.84,3944.84,4036.0,12017.91713092,2.94139650872818,0.8104738154613467,0.6342477140482128,3.623441396508728
2018-12-25,1545696000,4034.54,4049.23,3674.73,3779.99,11801.43441841,1.9133234274393265,0.2803368003962357,0.6057454185240218,3.8320950965824663
2018-12-26,1545782400,3780.0,3863.34,3678.8,3810.01,10064.18282348,2.331165815141663,0.5843009753831863,0.6214584300975383,3.4198792382721783
2018-12-27,1545868800,3810.01,3841.17,3566.0,3591.69,11850.0123819,2.076104746317512,0.4991816693944353,0.6444353518821604,3.3465630114566283
2018-12-28,1545955200,3590.26,3970.0,3575.0,3884.97,13055.71840689,2.5575364667747165,0.8196920583468396,0.5996758508914101,3.4821717990275527
2018-12-29,1546041600,3884.66,3961.85,3702.51,3725.48,6901.3823318,3.546666666666667,0.7742528735632184,0.5549425287356322,3.1903448275862067
2018-12-30,1546128000,3728.96,3870.0,3688.76,3835.79,5736.45370818,4.18125,0.7346153846153847,0.6048076923076923,3.3115384615384613
2018-12-31,1546214400,3831.03,3842.89,3630.0,3693.3,6667.16373743,3.6909558508358336,1.2010287183883412,0.6832404629232748,3.386198028289756
2019-01-01,1546300800,3693.85,3845.46,3629.66,3823.44,5149.60627729,4.337723424270932,1.2323612417685794,0.6053621825023519,3.394167450611477
2019-01-02,1546387200,3825.41,3918.67,3770.0,3885.87,5534.46951453,8.076624097723487,2.1882287617990004,0.6307606885063853,3.3048306496390896
2019-01-03,1546473600,3890.27,3893.4,3760.0,3787.81,4803.2461092,3.775524235132348,0.8844963905122035,0.5892059126847714,3.2973530422825714
2019-01-04,1546560000,3785.64,3850.33,3732.38,3817.71,7452.05894356,4.466159391269524,0.9843812575090108,0.5995194233079696,3.2442931517821387
2019-01-05,1546646400,3822.0,3887.09,3780.0,3791.84,3656.37531439,4.523718255869669,1.2098706276952564,0.5836128413991375,3.0929563967417346
2019-01-06,1546732800,3795.38,4090.0,3753.0,4040.71,5400.71486407,3.4426895306859207,0.723826714801444,0.6949458483754513,3.0934115523465704
2019-01-07,1546819200,4040.71,4070.0,3964.01,4005.45,7445.09600426,4.126673532440782,0.9124613800205972,0.607621009268795,3.0648815653964983
2019-01-08,1546905600,4005.0,4112.0,3934.73,3994.9,11819.98676966,2.833731105807478,0.6610978520286396,0.6312649164677804,3.1014319809069213
2019-01-09,1546992000,3994.75,4060.0,3948.44,4000.18,7389.6677228,2.504009163802978,0.7705231004200076,0.5880106911034746,3.12065673921344
2019-01-10,1547078400,4003.09,4036.22,3503.44,3627.51,16118.42088248,2.3718464351005486,0.6212065813528337,0.6720292504570384,3.0654478976234003
2019-01-11,1547164800,3627.65,3704.6,3569.85,3632.02,10571.08164263,1.960573476702509,0.6037435284747112,0.6598964555953803,3.1740342493030664
2019-01-12,1547251200,3631.0,3650.35,3557.09,3617.13,3184.35219414,1.91124822021832,0.4337921214997627,0.5856668248694826,3.1675367821547225
2019-01-13,1547337600,3617.75,3654.02,3476.0,3515.95,5908.52280454,2.0414878397711016,0.5016690510252741,0.6170720076299475,3.1783500238435862
2019-01-14,1547424000,3517.03,3714.0,3506.0,3664.28,9925.99072165,1.7957886372665872,0.4298768375049662,0.5721096543504172,3.1267381803734606
2019-01-15,1547510400,3664.28,3687.02,3534.68,3576.93,8059.8173777,1.7322294022617124,0.4349757673667205,0.5872374798061389,3.1538772213247173
2019-01-16,1547596800,3576.92,3669.0,3570.48,3605.91,7675.06606371,1.8285236302802172,0.4818067754077791,0.5834378920953576,3.151401087411125
2019-01-17,1547683200,3609.5,3660.0,3534.25,3638.01,7499.52552971,5.252777777777778,1.2800925925925926,0.5722222222222222,3.29212962962963
2019-01-18,1547769600,3638.01,3641.9,3577.0,3609.21,5023.5102908,2.087993742667188,0.5475166210402815,0.5917090340242471,3.166992569417286
2019-01-19,1547856000,3609.29,3774.0,3602.6,3681.0,4080.88346413,2.0996724379971923,0.5942910622367805,0.6167524567150211,3.308844174075807
2019-01-20,1547942400,3680.0,3703.27,3470.0,3536.72,5591.01583422,2.545145631067961,0.8427184466019417,0.6398058252427185,3.229611650485437
2019-01-21,1548028800,3537.42,3573.29,3485.58,3531.51,5821.89983137,2.2196144174350376,0.5658005029337804,0.6290863369656329,3.230930427493713
2019-01-22,1548115200,3531.51,3615.8,3401.36,3576.81,6877.0636755,1.844453217528622,0.4204500592183182,0.6249506514015002,3.1685748124753257
2019-01-23,1548201600,3574.44,3620.23,3518.0,3552.32,6170.84267224,2.7314849981010254,0.7907330041777441,0.5977971895176605,3.006076718571971
2019-01-24,1548288000,3553.2,3598.0,3524.0,3570.73,4488.01463801,2.3606492478226446,0.599366587490103,0.6013460015835312,3.1084718923198733
2019-01-25,1548374400,3570.67,3578.79,3511.0,3560.0,4961.79512299,2.204931972789116,0.4362244897959184,0.60671768707483,3.1139455782312924
2019-01-26,1548460800,3560.94,3657.89,3536.51,3555.56,2697.88387935,3.039381153305204,0.8720112517580872,0.5850914205344585,3.175339896858884
2019-01-27,1548547200,3555.31,3564.12,3456.0,3533.23,3852.6596409,2.1139896373056994,0.5917098445595855,0.6134715025906736,3.240414507772021
2019-01-28,1548633600,3532.23,3536.77,3357.3,3429.5,10345.1009104,2.4912629070691024,0.6386020651310564,0.6433677521842732,3.187450357426529
2019-01-29,1548720000,3431.43,3438.76,3322.19,3390.5,7284.38686266,2.67378640776699,0.7060194174757282,0.6194174757281553,3.163495145631068
2019-01-30,1548806400,3391.25,3465.05,3372.34,3437.35,5704.02340186,1.8189621537261025,0.5146312914553258,0.5848614904408895,3.033554428404214
2019-01-31,1548892800,3438.0,3474.2,3392.6,3413.11,5951.8181698,2.947166921898928,0.610260336906585,0.6041347626339969,3.1435681470137826
2019-02-01,1548979200,3413.69,3460.0,3364.53,3434.83,6659.84752495,1.6285714285714286,0.3759183673469388,0.6061224489795919,3.0775510204081638
2019-02-02,1549065600,3434.83,3485.0,3406.38,3462.82,3051.95860768,2.70098292809105,0.5561303673047077,0.6502845318158303,3.2188308329022246
2019-02-03,1549152000,3470.5,3476.33,3384.67,3414.82,2813.89222442,2.599681866383881,0.7179215270413574,0.6399787910922587,3.1299045599151643
2019-02-04,1549238400,3413.75,3439.46,3394.85,3410.87,3244.08497898,2.569582076691081,0.7785437311503662,0.5644118914261095,3.2843601895734595
2019-02-05,1549324800,3409.81,3435.0,3396.0,3431.39,4045.62530164,2.8534031413612566,0.7668143374949657,0.5622231171969392,3.193717277486911
2019-02-06,1549411200,3431.81,3445.6,3328.7,3364.62,6137.40639817,2.090625,0.5260416666666666,0.5427083333333333,3.178472222222222
2019-02-07,1549497600,3364.0,3383.29,3350.0,3359.33,4293.5558141,3.2625613902531168,0.86550812240272,0.5183226293917642,3.0600680015111448
2019-02-08,1549584000,3358.39,3711.04,3337.91,3622.94,14388.64754224,2.8989534464092386,0.7939372067845543,0.5788523998556477,3.16600505232768
2019-02-09,1549670400,3626.12,3639.74,3589.52,3622.62,4054.50461695,2.25,0.6350467289719626,0.5654205607476636,3.1257009345794398
2019-02-10,1549756800,3622.74,3662.43,3576.16,3650.37,4155.50568273,2.2962962962962963,0.5235235235235235,0.5895895895895896,3.2632632632632634
2019-02-11,1549843200,3651.32,3652.56,3578.7,3588.7,7931.40887407,2.4470932664157257,0.6143872856545378,0.6143872856545378,3.228774571309076
2019-02-12,1549929600,3588.99,3619.93,3548.28,3585.94,10074.81670532,3.215798045602606,0.6962540716612378,0.5765472312703583,3.3306188925081432
2019-02-13,1550016000,3585.7,3629.81,3541.0,3574.93,7992.74321134,2.46749226006192,0.6234520123839009,0.5607585139318886,3.21671826625387
2019-02-14,1550102400,3575.01,3590.74,3531.01,3560.46,5910.24312876,2.2101608187134505,0.471125730994152,0.535453216374269,3.0489766081871346
2019-02-15,1550188800,3560.45,3620.53,3544.88,3566.29,6234.76805726,2.3813492063492063,0.6075396825396825,0.5313492063492063,3.162698412698413
2019-02-16,1550275200,3566.29,3609.0,3561.96,3579.92,3442.47630393,2.165322580645161,0.6340725806451613,0.5569556451612904,3.263608870967742
2019-02-17,1550361600,3580.43,3663.34,3553.98,3625.6,5012.46127538,2.995973829894313,0.8369401107196779,0.6059386009058882,3.218922999496729
2019-02-18,1550448000,3625.6,3916.47,3614.82,3869.8,15567.08485429,4.922625215889465,1.0766839378238342,0.6255613126079448,3.131951640759931
2019-02-19,1550534400,3870.97,4000.0,3840.08,3888.46,12525.13651013,2.1493080844865258,0.4730517115804807,0.6052439912600146,3.331391114348143
2019-02-20,1550620800,3889.92,3967.52,3861.49,3936.53,9854.35493853,3.816660733357067,1.0946956212175152,0.5813456746173016,3.329654681381274
2019-02-21,1550707200,3936.8,3989.99,3866.25,3900.4,8055.79892817,3.2219350073855244,0.8559822747415067,0.6495568685376661,3.3161004431314622
2019-02-22,1550793600,3900.64,3957.0,3882.59,3939.82,6593.85993401,2.4676791277258565,0.5459501557632399,0.5778816199376947,3.179517133956386
2019-02-23,1550880000,3939.83,4157.87,3905.63,4113.53,7966.31721086,3.418150975402884,0.6183206106870229,0.6594571670907549,3.237065309584393
2019-02-24,1550966400,4113.56,4190.0,3714.42,3730.68,13737.01398845,3.2052347320315744,0.6456169505608641,0.6979642708766098,3.2958039052762773
2019-02-25,1551052800,3733.78,3861.81,3732.6,3820.71,8835.36224921,2.338240845602114,0.5122687806719517,0.6191015477538694,3.1842204605511517
2019-02-26,1551139200,3817.93,3830.0,3760.09,3795.06,6543.16453722,5.18797902379992,1.2105687777329568,0.6010488100040339,3.198467123840258
2019-02-27,1551225600,3794.42,3822.85,3658.19,3798.47,7602.29984472,2.775781769793746,0.6866267465069861,0.605455755156354,3.170991350632069
2019-02-28,1551312000,3796.49,3897.62,3755.0,3791.36,6747.88027166,4.129068462401796,1.3316498316498318,0.5566778900112234,3.461840628507295
2019-03-01,1551398400,3791.02,3845.3,3789.5,3807.05,4761.41015902,2.36697965571205,0.5410798122065728,0.5696400625978091,3.214397496087637
2019-03-02,1551484800,3805.0,3818.75,3760.0,3810.46,3259.74312485,2.0730098916627413,0.4394724446537918,0.5774846914743288,3.134243994347621
2019-03-03,1551571200,3810.47,3822.39,3756.0,3789.52,2508.08649072,4.214285714285714,0.8071428571428572,0.5714285714285714,3.3
2019-03-04,1551657600,3789.7,3806.9,3670.0,3698.66,7293.71962839,2.503568596352101,0.5527359238699445,0.5959555908009516,3.169706582077716
2019-03-05,1551744000,3698.65,3877.1,3690.0,3844.07,7280.82397551,2.2569200779727097,0.4935672514619883,0.634307992202729,3.168421052631579
2019-03-06,1551830400,3844.07,3895.12,3808.8,3851.55,6402.67507493,3.2081177875049742,0.9530441703143652,0.6032630322323915,3.104257859132511
2019-03-07,1551916800,3851.26,3891.04,3826.13,3856.64,7964.50825371,3.122678018575852,1.063080495356037,0.6029411764705882,3.1722136222910216
2019-03-08,1552003200,3856.78,3924.37,3760.1,3844.64,7707.39667049,2.793827160493827,0.925925925925926,0.6238683127572017,3.102880658436214
2019-03-09,1552089600,3841.27,3950.25,3835.66,3916.43,5125.89830383,3.018295618680789,0.7231584015406837,0.6562349542609534,3.360616273471353
2019-03-10,1552176000,3916.42,3916.43,3862.0,3897.92,3000.60671855,2.5586945932781298,0.4773502191914271,0.6088650754992694,3.159766195811008
2019-03-11,1552262400,3898.14,3912.89,3812.64,3849.25,6612.11516125,3.910897875257026,0.9369431117203564,0.5318711446196025,3.040438656614119
2019-03-12,1552348800,3848.86,3877.69,3791.07,3859.74,5794.61473428,2.8745173745173744,0.7498069498069498,0.6077220077220077,3.183011583011583
2019-03-13,1552435200,3861.37,3874.68,3820.0,3848.48,4275.54000025,1.9494179044560416,0.5206744279405862,0.5800883179446006,3.108390204737053
2019-03-14,1552521600,3848.1,3903.98,3775.01,3854.77,5167.56617609,2.6114130434782608,0.5958850931677019,0.5830745341614907,3.220885093167702
2019-03-15,1552608000,3857.33,3912.06,3843.09,3901.21,6411.98332751,1.768335273573923,0.3969732246798603,0.59953434225844,3.2856034148234383
2019-03-16,1552694400,3899.19,4040.0,3899.12,3990.0,6959.47788339,3.593864468864469,0.760989010989011,0.6144688644688645,3.353937728937729
2019-03-17,1552780800,3990.0,3992.42,3927.28,3965.5,2711.95016796,3.379293180686909,0.8860129417620707,0.5634644101543056,3.2643106022896964
2019-03-18,1552867200,3965.63,4016.63,3929.83,3969.59,5420.23037801,1.8927559692432212,0.4799676244435451,0.6114933225414811,3.2942128692836907
2019-03-19,1552953600,3969.94,4012.63,3947.15,3998.13,5317.45055524,2.73969465648855,0.8469465648854961,0.5690839694656489,3.219083969465649
2019-03-20,1553040000,3999.5,4050.0,3962.6,4031.59,6244.95370182,3.5003649635036496,0.8656934306569343,0.577007299270073,3.390875912408759
2019-03-21,1553126400,4033.7,4055.35,3919.63,3974.21,7561.75989694,3.123060267051606,0.6860339227715626,0.5752435943702634,3.481775532298809
2019-03-22,1553212800,3974.5,4000.81,3958.94,3982.07,3453.36892821,2.404017857142857,0.5200892857142857,0.5334821428571429,3.4330357142857144
2019-03-23,1553299200,3980.4,4001.17,3957.11,3982.52,2259.5645261,1.6603159851301117,0.3884758364312267,0.6129182156133829,3.217936802973978
2019-03-24,1553385600,3979.19,3980.97,3942.04,3969.99,2204.06560941,1.9502239920358384,0.5340965654554505,0.6256844201095072,3.1448481831757094
2019-03-25,1553472000,3970.23,3980.22,3850.45,3910.51,6913.36709721,1.5644,0.4056,0.6,3.2512
2019-03-26,1553558400,3910.0,3936.36,3879.5,3922.58,4315.60487708,2.436703821656051,0.6102707006369427,0.5915605095541401,3.3180732484076434
2019-03-27,1553644800,3922.58,4037.11,3912.19,4025.5,8151.67504888,3.346477794793262,0.8185298621745789,0.5884379785604901,3.164624808575804
2019-03-28,1553731200,4025.5,4025.56,3992.6,4012.23,3927.54682157,2.654220147802412,0.6378840917930766,0.5725398677557371,3.243485025281992
2019-03-29,1553817600,4011.0,4102.57,4005.0,4090.0,8391.03462414,2.6960849369608493,0.6954213669542136,0.5653616456536165,3.159920371599204
2019-03-30,1553904000,4090.0,4130.36,4040.0,4094.92,3923.1364664,2.4951943167572086,0.598412035102382,0.630171333054743,3.416631842875052
2019-03-31,1553990400,4094.92,4101.7,4074.29,4096.08,2402.58820541,2.64375,0.5984375,0.6015625,3.285416666666667
2019-04-01,1554076800,4092.02,4150.0,4052.56,4136.32,7232.98731201,4.031297134238311,1.345399698340875,0.6289592760180995,3.3461538461538463
2019-04-02,1554163200,4133.93,5080.0,4130.64,4899.63,30686.17351442,4.3650397275822925,0.9096481271282634,0.6567536889897844,3.12894438138479
2019-04-03,1554249600,4899.01,5345.0,4800.5,4978.23,29321.27268405,6.182755775577558,1.1674917491749175,0.6489273927392739,3.0156765676567656
2019-04-04,1554336000,4972.83,5077.35,4778.59,4907.94,15898.11514808,2.397640306122449,0.5417729591836735,0.6218112244897959,2.981823979591837
2019-04-05,1554422400,4911.14,5067.62,4883.83,5039.73,13023.7465161,2.132030986864264,0.4247221286628494,0.7116874368474234,2.9986527450319973
2019-04-06,1554508800,5041.0,5240.0,4900.0,5041.39,10049.84478829,2.309068219633944,0.5557404326123128,0.64891846921797,3.269966722129784
2019-04-07,1554595200,5041.92,5253.49,5028.3,5190.85,10872.51935616,4.081331647703329,0.7374631268436578,0.6447534766118836,3.147071217867678
2019-04-08,1554681600,5192.92,5347.37,5127.68,5287.88,13344.98151487,3.248383804014971,0.6859476012249064,0.6209595100374277,3.044572984008166
2019-04-09,1554768000,5287.97,5288.95,5136.01,5192.6,9410.35350033,4.913690476190476,1.1726190476190477,0.5297619047619048,2.9345238095238093
2019-04-10,1554854400,5184.03,5466.06,5161.0,5323.47,10723.93474696,2.8508682328907047,0.655090228123936,0.6091249574395642,3.100783112019067
2019-04-11,1554940800,5323.47,5344.31,4966.87,5040.2,15052.95606333,3.593068535825545,0.8247663551401869,0.6156542056074766,2.942757009345794
2019-04-12,1555027200,5037.82,5122.48,4912.0,5076.35,8057.03847684,4.444940476190476,0.988095238095238,0.6235119047619048,2.9642857142857144
2019-04-13,1555113600,5075.74,5122.01,5033.73,5063.63,4520.43702971,3.0042553191489363,0.7489361702127659,0.6893617021276596,3.272340425531915
2019-04-14,1555200000,5064.0,5185.26,5012.73,5162.72,3443.44728316,3.8249889233495793,0.8879042977403633,0.6601683650863979,3.151085511741249
2019-04-15,1555286400,5160.54,5192.01,4948.57,5027.31,7423.01375858,3.4676183844011144,0.7506963788300836,0.5745125348189415,3.1587743732590527
2019-04-16,1555372800,5027.33,5231.96,5014.77,5202.43,7675.40412015,2.691651865008881,0.5701598579040853,0.5531083481349911,3.0341030195381884
2019-04-17,1555459200,5201.47,5275.07,5170.01,5233.72,6741.07720986,3.446737928492444,0.7733136748986362,0.5576852193144121,2.9749354957611502
2019-04-18,1555545600,5227.6,5325.0,5218.23,5281.58,6375.89568714,3.606322920587128,0.8727888596161084,0.580730146782085,2.963492660895747
2019-04-19,1555632000,5283.0,5357.96,5180.37,5289.91,5285.60637017,2.639953088350273,0.6395621579358874,0.617670054730258,3.135652853792025
2019-04-20,1555718400,5289.91,5362.97,5253.82,5318.89,3665.56962108,2.734395750332005,0.5657370517928287,0.6489597166888004,3.193891102257636
2019-04-21,1555804800,5318.94,5346.91,5212.8,5295.65,4631.03916752,2.31331592689295,0.5504786771105309,0.6414273281114012,3.2859007832898173
2019-04-22,1555891200,5295.96,5439.12,5249.0,5386.8,7127.11186779,2.553348050036792,0.5036791758646063,0.58719646799117,3.0930831493745403
2019-04-23,1555977600,5388.22,5627.0,5363.24,5531.32,10132.40317154,2.3846385542168678,0.5195783132530121,0.6331325301204819,2.9939759036144578
2019-04-24,1556064000,5531.29,5623.3,5372.0,5440.95,10521.03763127,5.965062623599209,1.4403427818061965,0.6160184574818721,3.052076466710613
2019-04-25,1556150400,5440.95,5510.0,4991.42,5132.55,9893.93590864,4.202409638554217,0.7886402753872633,0.6285714285714286,2.953184165232358
2019-04-26,1556236800,5132.5,5291.48,5046.31,5155.19,15033.1017793,2.642938280954184,0.571753123816736,0.5812192351382052,2.9416887542597503
2019-04-27,1556323200,5154.11,5218.31,5113.0,5168.91,4041.33355341,2.4422709923664123,0.4565839694656488,0.5787213740458015,3.0644083969465647
2019-04-28,1556409600,5171.51,5213.23,5099.0,5160.98,3957.25435637,3.267405063291139,0.9462025316455696,0.625,2.935126582278481
2019-04-29,1556496000,5152.98,5191.96,5071.58,5149.11,5753.61513714,3.3142633228840124,0.7547021943573667,0.5873824451410659,2.977272727272727
2019-04-30,1556582400,5150.21,5287.4,5127.05,5269.0,5055.2728357,3.06993006993007,0.5866355866355867,0.5621600621600622,2.958041958041958
2019-05-01,1556668800,5267.86,5357.96,5263.03,5318.42,4209.28441353,2.326843878697117,0.409584425308873,0.5724447772369899,3.075252714339199
2019-05-02,1556755200,5322.28,5422.94,5304.99,5385.0,5908.52172325,4.495073054706082,0.925246347264696,0.5881753312945973,3.041114509004417
2019-05-03,1556841600,5385.0,5796.56,5363.1,5658.22,12700.58899257,5.326171035668242,0.9871078642028362,0.5930382466695315,3.113021057155136
2019-05-04,1556928000,5659.82,5846.13,5510.0,5764.65,8525.45570755,7.444827586206896,1.4517241379310344,0.593103448275862,3.0724137931034483
2019-05-05,1557014400,5766.46,5782.55,5624.25,5709.32,5162.56182988,3.693339500462535,0.7867715078630897,0.6285846438482886,3.018038852913969
2019-05-06,1557100800,5714.4,5755.79,5562.44,5685.46,6826.98087533,3.482980332829047,0.6675491679273827,0.5866111951588502,3.036308623298033
2019-05-07,1557187200,5686.88,5970.0,5686.88,5751.54,10741.56186069,3.4392982456140357,0.708421052631579,0.6266666666666667,3.0603508771929824
2019-05-08,1557273600,5751.54,5986.0,5658.66,5940.89,6320.4135454,2.7883292045141754,0.6083126892375448,0.5240847784200385,2.7883292045141754
2019-05-09,1557360000,5945.32,6172.0,5932.83,6156.7,9081.24077807,3.962670713201821,0.8719271623672231,0.664339908952959,2.9863429438543245
2019-05-10,1557446400,6151.66,6426.8,6105.0,6342.84,13821.71360689,4.317616430431009,0.9754122071159964,0.6398611512872433,3.037894127856523
2019-05-11,1557532800,6338.93,7445.0,6338.93,7217.47,22331.43531269,13.047528517110266,1.946768060836502,0.7604562737642585,2.91254752851711
2019-05-12,1557619200,7214.4,7585.0,6762.57,6974.35,27398.21436403,8.46752,1.57824,0.6528,2.99712
2019-05-13,1557705600,6968.84,8167.5,6863.75,7810.05,27299.34473923,6.548132183908046,1.3706896551724137,0.6228448275862069,2.9738984674329503
2019-05-14,1557792000,7810.72,8335.56,7618.99,7986.0,18881.44115957,4.639960189101767,0.9293356556357304,0.6412042796715601,3.003981089823339
2019-05-15,1557878400,7991.72,8300.0,7838.0,8208.69,16613.07123458,4.632199670872189,1.3634119583104771,0.5869445968184311,3.055951727921009
2019-05-16,1557964800,8203.97,8390.95,7654.93,7880.0,17078.7037596,5.918484848484849,1.1063636363636364,0.6454545454545455,3.081212121212121
2019-05-17,1558051200,7879.28,7942.09,6178.0,7351.71,27307.57969969,4.741022519780889,0.8816189896530736,0.6512477175897748,3.0903834449178333
2019-05-18,1558137600,7352.39,7493.85,7205.57,7260.12,7564.89968988,2.8407798537774167,0.5146222583265637,0.6015434606011373,3.126320064987815
2019-05-19,1558224000,7257.82,8299.99,7247.86,8200.0,15595.26745165,2.992761491132826,0.66847629388346,0.6467607672819399,3.1317408613825557
2019-05-20,1558310400,8193.45,8199.97,7581.03,8005.64,13426.78750889,6.539181286549708,1.5239766081871344,0.5625730994152047,3.126315789473684
2019-05-21,1558396800,8007.67,8117.48,7676.27,7955.16,7518.5556769,5.297709923664122,1.1269437376307605,0.6191687871077184,3.1020638959570257
2019-05-22,1558483200,7949.18,8049.22,7505.69,7624.95,8396.82203697,4.043291372428615,0.8999078906969604,0.5575683143997544,3.0291679459625422
2019-05-23,1558569600,7622.9,7980.0,7468.31,7880.22,8370.35625318,6.544262295081968,1.2852459016393445,0.7081967213114754,3.0754098360655737
2019-05-24,1558656000,7880.4,8188.87,7795.95,7999.02,9358.97181211,5.70626525630594,1.2660699755899103,0.5614320585842149,2.908055329536208
2019-05-25,1558742400,7999.02,8158.45,7939.76,8064.64,3361.65325124,5.593483320403413,1.0907680372381692,0.5942591155934833,2.908456167571761
2019-05-26,1558828800,8066.15,8802.29,7888.91,8733.26,8526.81164447,1.4680851063829787,0.1276595744680851,0.5106382978723404,3.25531914893617
2019-05-27,1558915200,8733.27,8939.18,8653.68,8770.73,8948.02467376,10.869791666666666,2.4678819444444446,0.5894097222222222,3.091145833333333
2019-05-28,1559001600,8774.45,8817.41,8540.94,8717.96,6144.01124571,8.157894736842104,1.5419630156472262,0.6486486486486487,2.79800853485064
2019-05-29,1559088000,8715.35,8762.39,8421.12,8663.41,7584.25785894,9.261702127659577,1.3021276595744682,0.5638297872340425,3.2425531914893617
2019-05-30,1559174400,8663.07,9096.79,8000.0,8277.76,15259.58792555,4.384984025559105,0.7492012779552716,0.7172523961661342,3.1549520766773163
2019-05-31,1559260800,8277.76,8589.99,8109.74,8547.2,9957.91006545,5.261014131338321,1.512053200332502,0.5768911055694098,2.8694929343308395
2019-06-01,1559347200,8545.8,8624.72,8457.33,8556.27,5167.05130706,4.0996138996139,0.816988416988417,0.6471042471042471,3.344787644787645
2019-06-02,1559433600,8560.1,8833.97,8546.01,8734.49,4263.0361653,7.6418026418026415,1.2276612276612278,0.6324786324786325,3.1126651126651126
2019-06-03,1559520000,8735.84,8745.96,8049.22,8103.64,9955.03261894,6.010752688172043,1.1935483870967742,0.7204301075268817,2.6881720430107525
2019-06-04,1559606400,8103.63,8103.63,7432.84,7665.53,15485.70215021,5.3621621621621625,0.7027027027027027,0.7351351351351352,2.902702702702703
2019-06-05,1559692800,7673.41,7924.48,7570.9,7785.94,9193.71188764,3.060240963855421,0.6024096385542169,0.4698795180722891,3.0963855421686746
2019-06-06,1559779200,7784.62,7878.62,7449.68,7806.07,8738.66635896,1.2727272727272727,0.1818181818181818,0.4090909090909091,3.227272727272727
2019-06-07,1559865600,7801.97,8134.99,7758.93,8001.25,9012.09615945,17.166233766233766,2.2285714285714286,0.6467532467532467,3.033766233766234
2019-06-08,1559952000,8002.68,8061.12,7777.67,7932.27,4870.11556741,5.6580381471389645,0.9291553133514986,0.6008174386920981,3.211171662125341
2019-06-09,1560038400,7933.17,7966.58,7511.41,7632.99,3895.84810538,4.46969696969697,1.0151515151515151,0.803030303030303,3.090909090909091
2019-06-10,1560124800,7629.98,8090.0,7523.16,8021.1,7150.59429755,7.301675977653631,1.4252017380509,0.6468032278088144,3.2253258845437616
2019-06-11,1560211200,8017.99,8057.32,7713.34,7919.1,5552.68803771,3.707060063224447,0.6227608008429927,0.5626975763962065,3.070600632244468
2019-06-12,1560297600,7915.7,8266.0,7821.73,8176.27,8577.16249687,6.019230769230769,1.4381270903010033,0.6053511705685619,2.9933110367892977
2019-06-13,1560384000,8171.12,8335.56,8049.22,8238.0,7237.80039095,4.283683559950556,0.8257107540173053,0.6266996291718171,3.053770086526576
2019-06-14,1560470400,8235.44,8737.37,8174.92,8697.54,8678.2503063,37.87755102040816,3.061224489795918,0.7346938775510204,2.591836734693877
2019-06-15,1560556800,8694.74,8911.98,8623.52,8857.19,5275.7530691,7.534802784222737,1.803944315545244,0.6392111368909513,3.3341067285382837
2019-06-16,1560643200,8857.19,9391.85,8805.0,8974.19,15018.85335613,5.578064516129032,0.8490322580645161,0.7187096774193549,3.1483870967741936
2019-06-17,1560729600,8973.02,9477.7,8973.02,9333.48,12760.96069746,6.3431372549019605,0.8823529411764706,0.6764705882352942,3.343137254901961
2019-06-18,1560816000,9333.48,9361.87,8918.0,9078.84,11327.45394298,14.042307692307691,2.4423076923076925,0.5038461538461538,2.826923076923077
2019-06-19,1560902400,9076.51,9325.85,9036.19,9278.27,4687.25984305,24.892473118279568,4.118279569892473,0.6881720430107527,2.7311827956989245
2019-06-20,1560988800,9280.17,9600.0,9211.08,9534.99,7870.31583938,12.670967741935485,1.832258064516129,0.7161290322580646,2.8967741935483877
2019-06-21,1561075200,9534.99,10229.49,9534.97,10222.12,12553.09963424,48.440993788819874,5.68944099378882,0.7329192546583851,2.888198757763975
2019-06-22,1561161600,10222.13,11200.0,10085.5,10661.3,13709.30032222,8.383895131086142,1.104119850187266,0.5906367041198501,2.9906367041198503
2019-06-23,1561248000,10665.66,11247.62,10483.33,10831.95,7270.6458116,7.250149790293589,1.5689035350509286,0.6012582384661473,3.0811863391252245
2019-06-24,1561334400,10827.23,11099.0,10551.51,11029.63,8247.39381098,6.087186261558784,1.0660501981505943,0.619550858652576,3.0092470277410834
2019-06-25,1561420800,11030.0,11796.37,11000.02,11751.01,12133.57175867,9.429577464788732,2.063380281690141,0.6197183098591549,2.859154929577465
2019-06-26,1561507200,11760.0,13880.0,11647.07,12920.54,37487.80242579,8.199478487614082,1.483702737940026,0.7053455019556715,2.7809647979139505
2019-06-27,1561593600,12927.44,13355.61,10300.0,11153.74,36106.96055323,2.886010362694301,0.4196891191709844,0.6968911917098446,3.1243523316062176
2019-06-28,1561680000,11153.73,12447.46,10739.1,12354.43,18718.10158772,2.570731707317073,0.3804878048780488,0.5804878048780487,2.951219512195122
2019-06-29,1561766400,12354.45,12386.76,11317.03,11858.62,12265.99736052,1.148148148148148,0.1728395061728395,0.7283950617283951,2.938271604938272
2019-06-30,1561852800,11867.35,12200.06,10651.3,10760.1,12642.61772277,9.0,0.84,0.56,3.44
2019-07-01,1561939200,10759.24,11200.41,9950.0,10577.43,22917.43710404,5.627906976744186,1.372093023255814,0.6976744186046512,3.2093023255813957
2019-07-02,1562025600,10581.78,10942.63,9614.08,10828.9,20285.24655295,2.541436464088398,0.5027624309392266,0.712707182320442,3.2375690607734806
2019-07-03,1562112000,10830.1,12009.0,10830.1,11967.43,19389.85475767,3.128,0.464,0.576,3.14
2019-07-04,1562198400,11970.0,12061.04,11052.74,11146.34,11185.29420376,3.861386138613861,1.4257425742574257,0.6039603960396039,3.247524752475248
2019-07-05,1562284800,11144.82,11440.0,10769.15,10997.84,11893.4379497,4.6938775510204085,1.2551020408163265,0.6632653061224489,3.2857142857142856
2019-07-06,1562371200,10996.82,11735.0,10982.89,11240.0,7892.17866812,2.2216216216216216,0.2054054054054054,0.572972972972973,3.475675675675676
2019-07-07,1562457600,11233.21,11627.0,11083.76,11469.96,6683.05546715,6.208333333333333,0.925,0.6083333333333333,2.7916666666666665
2019-07-08,1562544000,11478.43,12398.0,11332.19,12286.14,11901.90089462,12.10427807486631,2.0949197860962565,0.6724598930481284,2.969251336898396
2019-07-09,1562630400,12299.94,12883.48,12030.43,12567.23,15115.5523839,7.20260492040521,1.1780028943560057,0.5542691751085383,2.968162083936324
2019-07-10,1562716800,12574.88,13200.0,11550.0,12098.95,19838.38994897,4.9486552567237165,1.5061124694376529,0.5354523227383863,2.9853300733496333
2019-07-11,1562803200,12101.44,12104.97,10966.81,11349.24,18468.68600043,3.562162162162162,0.8594594594594595,0.6504504504504505,2.85045045045045
2019-07-12,1562889600,11352.74,11942.39,11083.52,11808.91,9176.67942993,5.561068702290076,0.9255725190839694,0.5114503816793893,2.9656488549618323
2019-07-13,1562976000,11811.08,11846.61,10810.0,11378.79,9391.35341435,7.214035087719298,0.7473684210526316,0.5789473684210527,3.150877192982456
2019-07-14,1563062400,11382.03,11467.3,10090.0,10191.87,12170.40823763,1.8148148148148149,0.6296296296296297,1.148148148148148,2.555555555555556
2019-07-15,1563148800,10191.87,11080.37,9855.0,10850.0,16048.02718406,5.525925925925926,1.0962962962962963,0.5185185185185185,2.696296296296296
2019-07-16,1563235200,10848.27,11042.11,9366.0,9412.81,20761.02748001,47.0,2.375,0.875,4.375
2019-07-17,1563321600,9427.45,9993.0,9049.54,9699.35,16992.78525932,2.3057851239669422,0.1983471074380165,0.768595041322314,2.925619834710744
2019-07-18,1563408000,9712.15,10797.0,9280.33,10648.6,18289.54217585,16.57758620689655,4.215517241379311,0.5603448275862069,2.7758620689655173
2019-07-19,1563494400,10638.44,10776.99,10102.58,10535.43,13787.45646718,6.91421856639248,1.4236192714453584,0.5934195064629847,3.017626321974148
2019-07-20,1563580800,10533.71,11120.0,10359.17,10750.11,9964.67388282,1.103448275862069,0.1034482758620689,0.7241379310344828,2.9655172413793105
2019-07-21,1563667200,10757.15,10839.09,10325.0,10600.24,5628.16176664,5.672672672672673,0.948948948948949,0.6996996996996997,2.963963963963964
2019-07-22,1563753600,10605.03,10686.89,10052.25,10328.83,9371.30644231,8.652796725784448,2.3758526603001364,0.5900409276944065,2.9965893587994543
2019-07-23,1563840000,10315.87,10327.33,9801.88,9847.02,9040.84882621,2.480900409276944,0.5607094133697135,0.6040245566166439,3.1139154160982265
2019-07-24,1563926400,9841.42,9911.5,9514.96,9763.67,9433.34520017,4.366733466933868,0.7782231128924516,0.5925183700734803,3.158316633266533
2019-07-25,1564012800,9781.52,10187.0,9734.19,9883.96,6377.95751785,3.346707818930041,0.6409465020576132,0.6227709190672154,3.053497942386832
2019-07-26,1564099200,9886.08,9897.46,9650.0,9846.94,5570.10914746,2.190408221524408,0.4436197544961461,0.5863545532400799,3.1244647445047105
2019-07-27,1564185600,9846.94,10235.0,9299.0,9481.37,9614.10207519,2.3397341211225995,0.5332348596750369,0.6248153618906942,3.186115214180207
2019-07-28,1564272000,9467.84,9634.5,9111.0,9533.19,3860.8348169,3.6281618887015177,0.7887858347386172,0.6580944350758853,3.367200674536256
2019-07-29,1564358400,9538.73,9725.17,9360.0,9495.39,5068.6543093,3.176096181046676,0.8818953323903819,0.6471004243281471,3.2436350777934937
2019-07-30,1564444800,9508.21,9775.0,9373.48,9593.62,5533.97118529,2.242445293504689,0.577978464744703,0.5939562348037513,3.155956929489406
2019-07-31,1564531200,9592.26,10143.2,9574.09,10085.34,7917.5084772,3.983287858117326,1.898362892223738,0.550818553888131,3.1210777626193726
2019-08-01,1564617600,10096.01,10499.0,9878.09,10407.71,7681.73235986,2.612987864873729,0.4831092161364382,0.565759265332896,3.116431616923581
2019-08-02,1564704000,10416.79,10670.0,10318.47,10529.51,9286.86172741,2.936692078223401,0.5661252900232019,0.6035797149486245,3.1935697712959894
2019-08-03,1564790400,10529.51,10919.0,10502.8,10821.52,6996.11722818,3.305863058630586,0.6223862238622386,0.6129561295612956,3.4329643296432963
2019-08-04,1564876800,10812.58,11085.99,10564.96,10986.96,7556.32923024,2.3787744227353462,0.4067495559502664,0.61101243339254,3.2846358792184724
2019-08-05,1564963200,10986.55,11959.36,10986.55,11800.0,17260.45577332,7.663075131042516,1.3683750728013977,0.6258008153756552,3.139778683750728
2019-08-06,1565049600,11800.0,12325.0,11200.0,11470.0,16420.57916354,3.47283950617284,0.6756172839506173,0.6141975308641975,3.0765432098765437
2019-08-07,1565136000,11471.58,12145.42,11388.01,11971.57,15480.45524249,2.4634681718407023,0.4393226716839135,0.6164941988084038,3.2524302289118845
2019-08-08,1565222400,11973.46,12061.1,11450.93,11983.43,10144.46210884,2.944664031620553,0.4818541142651814,0.6309737693136903,3.298239310097017
2019-08-09,1565308800,11985.6,12040.0,11650.0,11859.32,7336.91484905,3.9322548028311424,0.7762049207954163,0.6683518705763397,3.2079541624536567
2019-08-10,1565395200,11859.32,11976.68,11200.0,11273.2,7447.24834124,2.577142857142857,0.4775510204081633,0.6044897959183674,3.4489795918367347
2019-08-11,1565481600,11273.03,11589.73,11080.37,11528.73,4361.39069182,3.762858443331816,1.911242603550296,0.5903504779244424,3.285844333181611
2019-08-12,1565568000,11527.44,11551.57,11194.04,11385.11,3417.70935664,4.345103749544959,1.0968329086275936,0.6319621405169276,3.204222788496541
2019-08-13,1565654400,11380.61,11446.94,10738.58,10862.28,9003.17888634,5.259485094850948,1.0596205962059622,0.6233062330623306,3.2428861788617884
2019-08-14,1565740800,10862.25,10862.25,9888.57,10022.99,12678.9411947,3.1282375236891977,0.8275426405559065,0.6373973468098547,3.2441566645609603
2019-08-15,1565827200,10022.5,10444.66,9467.57,10301.44,15083.17326332,4.2108532200065385,0.7482837528604119,0.6149068322981367,3.2569467146126185
2019-08-16,1565913600,10294.9,10540.0,9736.96,10354.34,11080.39966131,3.246009715475364,0.684941013185288,0.6103400416377516,3.2591950034698125
2019-08-17,1566000000,10351.18,10472.93,9974.51,10210.89,3907.52839849,2.779804836656767,0.677131947390751,0.5914297836232499,3.2240135765803988
2019-08-18,1566086400,10221.94,10515.0,10065.41,10318.99,3398.41986671,5.582940420060009,0.9579939991427346,0.5829404200600086,3.3210458636948137
2019-08-19,1566172800,10318.99,10940.0,10267.56,10927.3,8044.02134828,3.201446654611212,0.5283905967450271,0.5775768535262206,3.176853526220615
2019-08-20,1566259200,10927.3,10955.48,10549.74,10772.22,5883.59995275,3.493910690121786,1.1170500676589987,0.5893098782138024,3.164411366711773
2019-08-21,1566345600,10778.75,10807.54,9853.45,10134.75,9812.62171129,3.613087248322147,0.8771812080536913,0.5775167785234899,3.093288590604027
2019-08-22,1566432000,10123.56,10238.29,9755.53,10112.01,6710.30664788,3.0254908715122286,0.6341715466758525,0.5783672063382708,3.125732001377885
2019-08-23,1566518400,10112.45,10479.0,10051.0,10401.6,5557.29144342,4.620344827586207,1.2144827586206897,0.5596551724137931,3.0996551724137933
2019-08-24,1566604800,10401.87,10432.0,9885.48,10149.7,5106.55673687,2.923564189189189,0.6047297297297297,0.5726351351351351,3.154983108108108
2019-08-25,1566691200,10149.38,10355.89,9907.86,10136.75,3953.39528117,2.5010789814415197,0.5593439792835563,0.6158826068191627,3.3595166163141994
2019-08-26,1566777600,10136.75,10650.0,10136.75,10360.97,7166.67534085,2.968375136314068,0.6030534351145038,0.599054889131225,3.133769538349691
2019-08-27,1566864000,10355.11,10375.53,10019.1,10167.29,4781.3350218,4.5252562225475845,1.1211566617862372,0.5904099560761347,3.0640556368960468
2019-08-28,1566950400,10171.39,10280.71,9555.0,9711.78,9303.15591906,2.892262487757101,0.5941887038850799,0.6353248449232778,3.03232125367287
2019-08-29,1567036800,9720.2,9720.2,9320.0,9490.0,7717.10637568,2.532083633741889,0.4751261715933669,0.6355443403028118,3.165825522710887
2019-08-30,1567123200,9490.56,9700.0,9350.1,9579.75,5317.3097001,2.265015015015015,0.6561561561561562,0.6501501501501501,3.184309309309309
2019-08-31,1567209600,9569.3,9682.73,9443.19,9594.15,1572.15542709,3.3568464730290457,0.8750576302443522,0.5998155832180728,3.267865375749193
2019-09-01,1567296000,9593.5,9832.0,9538.75,9767.53,1799.36720121,3.2386107352277853,0.8556608028867839,0.6202074875958502,3.291384754172305
2019-09-02,1567382400,9767.56,10471.0,9753.24,10384.48,6144.79883515,4.196467195385725,1.1553713049747656,0.5987743330930065,3.354722422494593
2019-09-03,1567468800,10384.07,10783.0,10286.0,10617.61,11443.53849727,3.784307288246881,0.7567301378857518,0.5984898227183191,3.17892317793828
2019-09-04,1567555200,10617.72,10834.15,10378.7,10586.26,10088.7236301,3.220496894409938,0.8599033816425121,0.5969634230503795,3.2218771566597653
2019-09-05,1567641600,10586.26,10664.13,10461.97,10573.66,4555.62463429,3.192524682651622,0.7083921015514809,0.5768688293370945,3.176304654442877
2019-09-06,1567728000,10573.04,10949.0,10204.18,10311.09,10701.50994422,3.788227767114524,0.7840690978886756,0.6222008957133717,3.1461932181701857
2019-09-07,1567814400,10309.04,10580.0,10297.58,10484.39,3148.50895336,4.052994398965963,0.8793623438173201,0.6092201637225334,3.248168892718656
2019-09-08,1567900800,10497.57,10594.88,10229.49,10400.18,3130.86103548,1.8148314606741571,0.350561797752809,0.5991011235955056,3.3137078651685394
2019-09-09,1567987200,10387.33,10542.93,10060.0,10307.45,6059.76274364,3.899593946105574,0.8468069398301956,0.5658914728682171,3.215577703949797
2019-09-10,1568073600,10317.62,10390.09,9910.0,10096.0,4658.92141056,3.0960729312762973,0.7440392706872371,0.5715287517531557,3.2829593267882187
2019-09-11,1568160000,10093.39,10243.01,9855.11,10154.46,4614.34849343,3.368765926465235,0.9890789952675646,0.5762650163815071,3.233345467783036
2019-09-12,1568246400,10163.81,10465.0,10027.52,10420.34,4719.04668642,4.452646741087505,0.9787540511343176,0.5408714440043212,3.2337054375225063
2019-09-13,1568332800,10423.99,10458.13,10153.87,10368.65,3755.41742244,2.314779270633397,0.7412667946257198,0.5773512476007677,3.2084452975047983
2019-09-14,1568419200,10365.81,10441.47,10217.01,10355.37,2656.15453049,2.4338788146837684,0.5754091110128262,0.5674480318443167,3.307386112339673
2019-09-15,1568505600,10362.52,10383.2,10258.49,10305.74,2297.72276878,2.538804638715433,0.487957181088314,0.555307760927743,3.3902765388046388
2019-09-16,1568592000,10320.36,10378.07,10060.95,10269.98,5496.03749388,3.762617473024713,0.946397493908806,0.5127044900800557,3.327184128089105
2019-09-17,1568678400,10257.2,10280.53,10130.59,10195.73,5078.59865576,6.314154606424285,1.5471231909636427,0.5407695022943876,3.3321567243205084
2019-09-18,1568764800,10182.96,10263.65,10080.0,10152.09,3952.00683587,3.3390671518359247,0.7820046311610982,0.5213364207740655,3.2748924909030763
2019-09-19,1568851200,10161.59,10380.07,9600.0,10271.53,7455.91141166,2.7684279191128507,0.5671885192433138,0.5499021526418787,3.1963470319634704
2019-09-20,1568937600,10284.72,10308.04,10055.0,10169.02,4463.38202069,2.488541287740997,0.6627864678064751,0.5463805020007275,3.289559839941797
2019-09-21,1569024000,10169.02,10180.43,9913.35,9985.28,4148.89981496,2.1720052654673103,0.4133391838525669,0.6415094339622641,3.4212373848179025
2019-09-22,1569110400,9973.0,10093.24,9842.35,10020.58,3213.9540957,2.5104490884837705,0.5095598043574923,0.611827478879502,3.5455758114717653
2019-09-23,1569196800,10022.38,10048.06,9606.0,9682.19,5447.96313246,3.3801939058171744,0.7766620498614959,0.6035318559556787,3.2025623268698062
2019-09-24,1569283200,9685.69,9782.0,7998.0,8536.82,28154.41355726,3.948370349004904,0.8246322468993366,0.6651283530429767,3.2832419959619266
2019-09-25,1569369600,8536.71,8746.83,8216.0,8432.16,17435.8678913,3.906430966168851,0.644925327644011,0.6583358732093874,3.1728131667174644
2019-09-26,1569456000,8443.44,8467.89,7733.99,8055.03,16662.32021152,5.665038381018841,0.8569434752267969,0.7131891137473831,2.9874389392882064
2019-09-27,1569542400,8055.25,8294.04,7866.0,8187.72,10165.85293694,2.318276580958999,0.4642112578179291,0.6448922863099374,3.273453787352328
2019-09-28,1569628800,8199.96,8356.4,8009.84,8218.07,6315.48953894,2.2741312741312742,0.6924066924066924,0.6357786357786358,3.4534534534534536
2019-09-29,1569715200,8218.07,8244.07,7902.66,8047.6,5366.5707177,4.569386814200092,0.8805901337021669,0.5716920239741816,3.5283540802213
2019-09-30,1569801600,8060.13,8368.5,7714.7,8298.45,9518.99210777,2.7448830409356724,0.5032894736842105,0.6030701754385965,3.2320906432748537
2019-10-01,1569888000,8304.47,8531.25,8195.42,8319.01,10224.59198253,2.6676427525622253,0.637628111273792,0.5497803806734992,3.4209370424597365
2019-10-02,1569974400,8326.41,8393.39,8170.91,8373.42,4952.5341152,3.2409024745269286,0.6812227074235808,0.5516739446870451,3.359170305676856
2019-10-03,1570060800,8377.68,8419.23,8029.14,8239.92,8701.12039607,2.013162843174125,0.390372320421211,0.5415569763068823,3.3290710793531404
2019-10-04,1570147200,8243.39,8244.93,7986.65,8152.07,6278.78141904,2.0732383214568486,0.4790182106096595,0.5815518606492478,3.346001583531274
2019-10-05,1570233600,8157.89,8195.0,8016.26,8145.17,4445.10406787,2.397412199630314,0.6173752310536045,0.5679297597042514,3.470887245841035
2019-10-06,1570320000,8150.73,8176.46,7772.71,7854.12,6454.53572694,4.080218778486782,0.7652689152233364,0.5829535095715588,3.503190519598906
2019-10-07,1570406400,7863.75,8313.7,7763.54,8205.53,9363.32718459,2.0022607385079128,0.4487565938206481,0.60060286360211,3.4261492087415224
2019-10-08,1570492800,8211.04,8344.12,8109.74,8178.54,3577.72287319,1.8316524437548487,0.4212567882079131,0.5764158262218774,3.487199379363848
2019-10-09,1570579200,8185.85,8707.8,8110.0,8586.34,11634.19484623,2.743499648629656,0.5853829936753338,0.5590302178496135,3.298664792691497
2019-10-10,1570665600,8586.57,8666.84,8450.61,8582.11,7435.43199033,2.850773103200288,0.6465300251708018,0.5382955771305286,3.448759439050701
2019-10-11,1570752000,8589.08,8820.0,8222.88,8265.55,7824.58718752,2.6625282167042887,0.4717832957110609,0.5718585402558315,3.4541008276899925
2019-10-12,1570838400,8265.16,8427.76,8254.68,8303.43,1828.83312447,2.029522024367385,0.4343955014058107,0.5112464854732895,3.53514526710403
2019-10-13,1570924800,8303.43,8474.48,8132.91,8282.96,4445.28381368,2.778360343183985,0.5076263107721639,0.5271687321258341,3.496663489037178
2019-10-14,1571011200,8278.39,8416.67,8215.41,8362.99,4294.6073892,2.149629018961253,0.5836768342951361,0.5395713107996702,3.58161582852432
2019-10-15,1571097600,8353.33,8420.85,8086.0,8155.13,5044.66127938,3.021414913957935,0.7445506692160612,0.5835564053537284,3.387380497131931
2019-10-16,1571184000,8162.45,8179.1,7912.66,7995.89,8644.40011646,3.209461899602745,0.8894907908992417,0.5586854460093896,3.3680028891296496
2019-10-17,1571270400,7995.73,8130.71,7936.71,8073.32,5395.88599206,3.705110007097232,0.8481192334989354,0.5691980127750177,3.359474804826118
2019-10-18,1571356800,8069.26,8120.77,7811.62,7955.08,5611.09353737,2.658582089552239,1.0779850746268658,0.5395522388059701,3.383955223880597
2019-10-19,1571443200,7950.48,8096.76,7875.0,7960.49,3461.12529207,3.076563164610804,0.7014036580178648,0.5589111016588686,3.4538494257762653
2019-10-20,1571529600,7965.39,8314.77,7874.68,8235.74,6358.92499072,2.8246085011185684,0.5986577181208054,0.5785234899328859,3.522147651006712
2019-10-21,1571616000,8236.49,8352.0,8156.0,8213.65,4919.73416831,3.6830409356725142,0.7391812865497076,0.5773879142300195,3.473684210526316
2019-10-22,1571702400,8206.53,8314.77,7989.15,8025.9,5678.93483059,2.449280708225747,0.4562891921800073,0.5319070453707119,3.3087421615639987
2019-10-23,1571788800,8021.57,8052.04,7293.55,7470.77,13306.18266092,5.6995979322228605,1.12578977599081,0.5864445720850087,3.3466398621481908
2019-10-24,1571875200,7470.77,7512.0,7356.0,7435.0,4997.4230935,3.89014598540146,0.8744525547445255,0.5927007299270073,3.391970802919708
2019-10-25,1571961600,7427.0,8784.29,7393.14,8662.66,19113.79549622,6.921819929509772,1.5366869593079142,0.6404998397949375,3.139698814482537
2019-10-26,1572048000,8677.09,10350.0,8642.46,9252.75,38751.80025476,4.212496226984606,0.7144581949894355,0.6552973136130396,3.202837307576215
2019-10-27,1572134400,9262.72,9819.92,9092.66,9557.08,17783.02515594,5.144312393887946,0.7593378607809848,0.6532258064516129,3.26018675721562
2019-10-28,1572220800,9547.32,9950.0,9177.84,9216.44,14722.01859796,4.699100299900033,1.073308897034322,0.590803065644785,3.206931022992336
2019-10-29,1572307200,9216.39,9573.35,9051.48,9426.94,9059.61157854,5.7088983050847455,1.797881355932203,0.5457627118644067,3.3
2019-10-30,1572393600,9426.94,9437.06,8985.25,9159.94,8814.43804818,3.606649395509499,0.9300518134715026,0.5604490500863558,3.268566493955095
2019-10-31,1572480000,9169.55,9438.61,8961.53,9150.07,10113.15940929,4.306683066830669,0.955309553095531,0.6350963509635096,3.221812218122181
2019-11-01,1572566400,9158.08,9303.53,9054.6,9250.45,6640.55238456,4.375056689342403,1.1056689342403627,0.5723356009070295,3.3532879818594106
2019-11-02,1572652800,9250.7,9396.91,9201.19,9304.75,2701.13696278,5.454887218045113,1.1723952738990333,0.6084854994629431,3.319011815252417
2019-11-03,1572739200,9304.75,9384.32,9067.0,9207.0,2539.21833111,2.939899833055092,0.8447412353923205,0.6149137451307735,3.51085141903172
2019-11-04,1572825600,9207.0,9586.5,9122.33,9410.76,4962.44231548,3.632314410480349,0.9842794759825328,0.5829694323144105,3.354585152838428
2019-11-05,1572912000,9410.76,9485.0,9165.2,9320.14,4979.57899177,6.189104007203962,1.2035119315623592,0.5060783430886988,3.2039621791985597
2019-11-06,1572998400,9319.1,9448.19,9254.68,9344.78,4670.23465673,3.1102362204724407,0.7003242241778601,0.5664659564613247,3.208429828624363
2019-11-07,1573084800,9346.02,9373.48,9080.0,9199.36,3975.97661681,4.703771849126035,0.9498620055197792,0.6343146274149034,3.3334866605335787
2019-11-08,1573171200,9209.3,9253.39,8661.0,8767.37,9699.74677043,5.627725856697819,1.0259605399792315,0.6386292834890965,3.213914849428868
2019-11-09,1573257600,8760.38,8876.94,8720.0,8812.21,2271.51792167,5.620266120777892,1.124360286591607,0.5926305015353122,3.4672466734902763
2019-11-10,1573344000,8806.85,9142.33,8750.85,9024.49,2663.27825012,5.074300254452926,0.8498727735368957,0.6081424936386769,3.29058524173028
2019-11-11,1573430400,9029.88,9075.32,8593.0,8720.36,6392.97505953,4.294166321886636,1.1088125775755069,0.5560612329333885,3.177492759619363
2019-11-12,1573516800,8720.36,8872.47,8549.0,8813.91,4721.90610684,3.377696377696377,0.7855107855107855,0.5946275946275946,3.705331705331705
2019-11-13,1573603200,8817.0,8839.46,8700.0,8755.24,3185.82098874,3.844797936371453,0.8546861564918314,0.5988822012037833,3.624677558039553
2019-11-14,1573689600,8765.53,8791.78,8555.0,8636.9,3412.80581524,5.754716981132075,1.3752620545073375,0.560272536687631,3.288784067085954
2019-11-15,1573776000,8632.07,8799.03,8363.0,8463.49,5213.70141434,2.715498938428875,0.689171974522293,0.6288747346072187,3.415711252653928
2019-11-16,1573862400,8459.38,8539.53,8423.0,8484.63,1180.57339029,3.206764866339334,0.6421167484997272,0.6061102018548827,3.5340971085651938
2019-11-17,1573948800,8485.61,8631.6,8375.0,8499.31,2074.00770126,2.830601092896175,0.6453551912568306,0.6251366120218579,3.2972677595628417
2019-11-18,1574035200,8499.53,8508.4,8010.7,8170.65,4825.65562506,4.597907949790795,1.1330543933054391,0.6485355648535565,3.273221757322176
2019-11-19,1574121600,8176.9,8197.77,7989.15,8121.63,4412.39464174,4.646034816247583,1.193423597678917,0.5764023210831721,3.31076724693746
2019-11-20,1574208000,8124.08,8231.04,8027.28,8088.44,2996.00619203,4.391563698338304,1.174265019173413,0.5828717511717085,3.263314870046868
2019-11-21,1574294400,8085.54,8116.92,7394.09,7611.51,9374.99957046,3.730288976097039,0.7334998216196932,0.6664288262575812,3.242953977880842
2019-11-22,1574380800,7612.23,7714.7,6785.0,7285.85,20120.14646602,5.586986778009742,1.174669450243563,0.7042449547668754,3.206332637439109
2019-11-23,1574467200,7276.21,7356.49,7102.16,7320.39,5550.47222776,2.723759541984733,0.7342557251908397,0.6288167938931297,3.2418893129771
2019-11-24,1574553600,7330.98,7349.68,6861.96,6908.36,6047.01776023,4.058712121212121,0.8536931818181818,0.6259469696969697,3.263731060606061
2019-11-25,1574640000,6900.9,7380.0,6515.0,7122.14,18716.60131311,8.525534226729446,1.7660268018833756,0.6780152118797537,3.070264396957624
2019-11-26,1574726400,7127.12,7344.91,7018.78,7159.22,7643.84956815,4.480534801415651,1.0971293747542272,0.657884388517499,3.212347620920173
2019-11-27,1574812800,7168.74,7676.27,6847.72,7527.84,15156.9919345,4.17715167888846,0.8996526437668854,0.6372057120802779,3.194519490544192
2019-11-28,1574899200,7517.82,7659.92,7372.19,7436.72,6925.58489749,4.1612138454243714,0.7638691322901849,0.6192508297771455,3.30298719772404
2019-11-29,1574985600,7429.32,7870.35,7411.17,7753.69,7658.87160206,3.3849493487698985,0.7679691268692715,0.6020260492040521,3.4071394114809457
2019-11-30,1575072000,7753.69,7815.0,7452.08,7550.67,5446.27351349,2.62109375,0.7901785714285714,0.6037946428571429,3.529575892857143
2019-12-01,1575158400,7560.2,7560.2,7233.87,7412.66,5477.97290774,3.831715210355987,0.8748651564185544,0.6715210355987055,3.453074433656958
2019-12-02,1575244800,7411.75,7431.07,7140.08,7309.64,4324.30016255,2.8704144830871843,0.6526917579799905,0.6693663649356837,3.406860409718914
2019-12-03,1575331200,7317.94,7415.0,7238.04,7300.43,2552.20229834,4.209949794614332,0.8096759470561388,0.5942492012779552,3.244180739388407
2019-12-04,1575417600,7299.2,7772.71,7087.09,7197.78,7737.39153487,3.959711620016964,0.6234096692111959,0.6560644614079728,3.2866836301950806
2019-12-05,1575504000,7199.58,7500.0,7150.06,7390.42,4641.75678879,10.118937157317587,1.9481231547870097,0.6490932096161957,3.2319696330662167
